"Run","age","Assay.Type","AvgSpotLen","Bases","BioProject","BioSample","BioSampleModel","Bytes","Center.Name","collected_by","Collection_Date","Consent","DATASTORE.filetype","DATASTORE.provider","DATASTORE.region","ecotype","Experiment","Instrument","Library.Name","LibraryLayout","LibrarySelection","LibrarySource","Organism","Platform","ReleaseDate","Sample.Name","sex","SRA.Study","stud_book_number","tissue","create_date","version","study_book_prefix","Latitude","Longitude","geo_loc_name"
"SRR5489518","not collected","OTHER",90,169523730,"PRJNA385011","SAMN06857657","Model organism or animal",140230616,"UNIVERSITY OF MICHIGAN","Alison Gould",2013,"public","fastq,run.zq,sra","gs,ncbi,s3","gs.us-east1,ncbi.public,s3.us-east-1","not applicable","SRX2772358","Illumina HiSeq 2000","Library6_Y13-22","SINGLE","PCR","GENOMIC","Siphamia tubifer","ILLUMINA","2017-05-01T00:00:00Z","Y13-22","not determined","SRP105806","Y13-22","light organ","2017-05-01T17:30:00Z",1,"Y",26.203,127.7712,"Yonabaru"
"SRR5489519","not collected","OTHER",90,195371370,"PRJNA385011","SAMN06857656","Model organism or animal",165182682,"UNIVERSITY OF MICHIGAN","Alison Gould",2013,"public","fastq,run.zq,sra","gs,ncbi,s3","gs.us-east1,ncbi.public,s3.us-east-1","not applicable","SRX2772359","Illumina HiSeq 2000","Library7_Y13-19","SINGLE","PCR","GENOMIC","Siphamia tubifer","ILLUMINA","2017-05-01T00:00:00Z","Y13-19","not determined","SRP105806","Y13-19","light organ","2017-05-01T17:30:00Z",1,"Y",26.203,127.7712,"Yonabaru"
"SRR5489520","not collected","OTHER",90,132116670,"PRJNA385011","SAMN06857655","Model organism or animal",110803938,"UNIVERSITY OF MICHIGAN","Alison Gould",2013,"public","fastq,run.zq,sra","gs,ncbi,s3","gs.us-east1,ncbi.public,s3.us-east-1","not applicable","SRX2772360","Illumina HiSeq 2000","Library6_Y13-18","SINGLE","PCR","GENOMIC","Siphamia tubifer","ILLUMINA","2017-05-01T00:00:00Z","Y13-18","not determined","SRP105806","Y13-18","light organ","2017-05-01T17:30:00Z",1,"Y",26.203,127.7712,"Yonabaru"
"SRR5489522","not collected","OTHER",90,180217800,"PRJNA385011","SAMN06857653","Model organism or animal",149687051,"UNIVERSITY OF MICHIGAN","Alison Gould",2013,"public","fastq,run.zq,sra","gs,ncbi,s3","gs.us-east1,ncbi.public,s3.us-east-1","not applicable","SRX2772362","Illumina HiSeq 2000","Library5_Y13-14","SINGLE","PCR","GENOMIC","Siphamia tubifer","ILLUMINA","2017-05-01T00:00:00Z","Y13-14","not determined","SRP105806","Y13-14","light organ","2017-05-01T17:30:00Z",1,"Y",26.203,127.7712,"Yonabaru"
"SRR5489523","not collected","OTHER",90,192581370,"PRJNA385011","SAMN06857652","Model organism or animal",162816454,"UNIVERSITY OF MICHIGAN","Alison Gould",2013,"public","fastq,run.zq,sra","gs,ncbi,s3","gs.us-east1,ncbi.public,s3.us-east-1","not applicable","SRX2772363","Illumina HiSeq 2000","Library7_Y13-13","SINGLE","PCR","GENOMIC","Siphamia tubifer","ILLUMINA","2017-05-01T00:00:00Z","Y13-13","not determined","SRP105806","Y13-13","light organ","2017-05-01T17:33:00Z",1,"Y",26.203,127.7712,"Yonabaru"
"SRR5489524","not collected","OTHER",90,165562740,"PRJNA385011","SAMN06857651","Model organism or animal",140375649,"UNIVERSITY OF MICHIGAN","Alison Gould",2013,"public","fastq,run.zq,sra","gs,ncbi,s3","gs.us-east1,ncbi.public,s3.us-east-1","not applicable","SRX2772364","Illumina HiSeq 2000","Library7_Y13-12","SINGLE","PCR","GENOMIC","Siphamia tubifer","ILLUMINA","2017-05-01T00:00:00Z","Y13-12","not determined","SRP105806","Y13-12","light organ","2017-05-01T17:30:00Z",1,"Y",26.203,127.7712,"Yonabaru"
"SRR5489527","not collected","OTHER",90,202936140,"PRJNA385011","SAMN06857648","Model organism or animal",150846922,"UNIVERSITY OF MICHIGAN","Alison Gould",2014,"public","fastq,run.zq,sra","gs,ncbi,s3","gs.us-east1,ncbi.public,s3.us-east-1","not applicable","SRX2772367","Illumina HiSeq 2000","Library3_S14-09","SINGLE","PCR","GENOMIC","Siphamia tubifer","ILLUMINA","2017-05-01T00:00:00Z","S14-09","not determined","SRP105806","S14-09","light organ","2017-05-01T17:30:00Z",1,"S",26.6354,127.8658,"Sesoko"
"SRR5489544","not collected","OTHER",90,236770290,"PRJNA385011","SAMN06857631","Model organism or animal",176779322,"UNIVERSITY OF MICHIGAN","Alison Gould",2014,"public","fastq,run.zq,sra","gs,ncbi,s3","gs.us-east1,ncbi.public,s3.us-east-1","not applicable","SRX2772384","Illumina HiSeq 2000","Library4_S14-13","SINGLE","PCR","GENOMIC","Siphamia tubifer","ILLUMINA","2017-05-01T00:00:00Z","S14-13","not determined","SRP105806","S14-13","light organ","2017-05-01T17:31:00Z",1,"S",26.6354,127.8658,"Sesoko"
"SRR5489545","not collected","OTHER",90,245294370,"PRJNA385011","SAMN06857630","Model organism or animal",178887548,"UNIVERSITY OF MICHIGAN","Alison Gould",2014,"public","fastq,run.zq,sra","gs,ncbi,s3","gs.us-east1,ncbi.public,s3.us-east-1","not applicable","SRX2772385","Illumina HiSeq 2000","Library3_S14-12","SINGLE","PCR","GENOMIC","Siphamia tubifer","ILLUMINA","2017-05-01T00:00:00Z","S14-12","not determined","SRP105806","S14-12","light organ","2017-05-01T17:31:00Z",1,"S",26.6354,127.8658,"Sesoko"
"SRR5489546","not collected","OTHER",90,152999370,"PRJNA385011","SAMN06857629","Model organism or animal",113337890,"UNIVERSITY OF MICHIGAN","Alison Gould",2014,"public","fastq,run.zq,sra","gs,ncbi,s3","gs.us-east1,ncbi.public,s3.us-east-1","not applicable","SRX2772386","Illumina HiSeq 2000","Library3_S14-11","SINGLE","PCR","GENOMIC","Siphamia tubifer","ILLUMINA","2017-05-01T00:00:00Z","S14-11","not determined","SRP105806","S14-11","light organ","2017-05-01T17:31:00Z",1,"S",26.6354,127.8658,"Sesoko"
"SRR5489547","not collected","OTHER",90,177237360,"PRJNA385011","SAMN06857628","Model organism or animal",130728811,"UNIVERSITY OF MICHIGAN","Alison Gould",2014,"public","fastq,run.zq,sra","gs,ncbi,s3","gs.us-east1,ncbi.public,s3.us-east-1","not applicable","SRX2772387","Illumina HiSeq 2000","Library3_S14-10","SINGLE","PCR","GENOMIC","Siphamia tubifer","ILLUMINA","2017-05-01T00:00:00Z","S14-10","not determined","SRP105806","S14-10","light organ","2017-05-01T17:31:00Z",1,"S",26.6354,127.8658,"Sesoko"
"SRR5489549","not collected","OTHER",90,174457710,"PRJNA385011","SAMN06857626","Model organism or animal",148056565,"UNIVERSITY OF MICHIGAN","Alison Gould",2013,"public","fastq,run.zq,sra","gs,ncbi,s3","gs.us-east1,ncbi.public,s3.us-east-1","not applicable","SRX2772389","Illumina HiSeq 2000","Library7_S13-23","SINGLE","PCR","GENOMIC","Siphamia tubifer","ILLUMINA","2017-05-01T00:00:00Z","S13-23","not determined","SRP105806","S13-23","light organ","2017-05-01T17:31:00Z",1,"S",26.6354,127.8658,"Sesoko"
"SRR5489550","not collected","OTHER",90,202711590,"PRJNA385011","SAMN06857625","Model organism or animal",170350903,"UNIVERSITY OF MICHIGAN","Alison Gould",2013,"public","fastq,run.zq,sra","gs,ncbi,s3","gs.us-east1,ncbi.public,s3.us-east-1","not applicable","SRX2772390","Illumina HiSeq 2000","Library7_S13-22","SINGLE","PCR","GENOMIC","Siphamia tubifer","ILLUMINA","2017-05-01T00:00:00Z","S13-22","not determined","SRP105806","S13-22","light organ","2017-05-01T17:31:00Z",1,"S",26.6354,127.8658,"Sesoko"
"SRR5489551","not collected","OTHER",90,145718010,"PRJNA385011","SAMN06857624","Model organism or animal",124445829,"UNIVERSITY OF MICHIGAN","Alison Gould",2013,"public","fastq,run.zq,sra","gs,ncbi,s3","gs.us-east1,ncbi.public,s3.us-east-1","not applicable","SRX2772391","Illumina HiSeq 2000","Library7_S13-21","SINGLE","PCR","GENOMIC","Siphamia tubifer","ILLUMINA","2017-05-01T00:00:00Z","S13-21","not determined","SRP105806","S13-21","light organ","2017-05-01T17:31:00Z",1,"S",26.6354,127.8658,"Sesoko"
"SRR5489553","not collected","OTHER",90,166286970,"PRJNA385011","SAMN06857622","Model organism or animal",137894924,"UNIVERSITY OF MICHIGAN","Alison Gould",2013,"public","fastq,run.zq,sra","gs,ncbi,s3","gs.us-east1,ncbi.public,s3.us-east-1","not applicable","SRX2772393","Illumina HiSeq 2000","Library5_S13-18","SINGLE","PCR","GENOMIC","Siphamia tubifer","ILLUMINA","2017-05-01T00:00:00Z","S13-18","not determined","SRP105806","S13-18","light organ","2017-05-01T17:31:00Z",1,"S",26.6354,127.8658,"Sesoko"
"SRR5489555","not collected","OTHER",90,158473350,"PRJNA385011","SAMN06857620","Model organism or animal",132367703,"UNIVERSITY OF MICHIGAN","Alison Gould",2013,"public","fastq,run.zq,sra","gs,ncbi,s3","gs.us-east1,ncbi.public,s3.us-east-1","not applicable","SRX2772395","Illumina HiSeq 2000","Library5_S13-15","SINGLE","PCR","GENOMIC","Siphamia tubifer","ILLUMINA","2017-05-01T00:00:00Z","S13-15","not determined","SRP105806","S13-15","light organ","2017-05-01T17:31:00Z",1,"S",26.6354,127.8658,"Sesoko"
"SRR5489556","not collected","OTHER",90,149284260,"PRJNA385011","SAMN06857619","Model organism or animal",125185053,"UNIVERSITY OF MICHIGAN","Alison Gould",2013,"public","fastq,run.zq,sra","gs,ncbi,s3","gs.us-east1,ncbi.public,s3.us-east-1","not applicable","SRX2772396","Illumina HiSeq 2000","Library5_S13-14","SINGLE","PCR","GENOMIC","Siphamia tubifer","ILLUMINA","2017-05-01T00:00:00Z","S13-14","not determined","SRP105806","S13-14","light organ","2017-05-01T17:31:00Z",1,"S",26.6354,127.8658,"Sesoko"
"SRR5489557","not collected","OTHER",90,159225120,"PRJNA385011","SAMN06857618","Model organism or animal",132916803,"UNIVERSITY OF MICHIGAN","Alison Gould",2013,"public","fastq,run.zq,sra","gs,ncbi,s3","gs.us-east1,ncbi.public,s3.us-east-1","not applicable","SRX2772397","Illumina HiSeq 2000","Library6_S13-13","SINGLE","PCR","GENOMIC","Siphamia tubifer","ILLUMINA","2017-05-01T00:00:00Z","S13-13","not determined","SRP105806","S13-13","light organ","2017-05-01T17:31:00Z",1,"S",26.6354,127.8658,"Sesoko"
"SRR5489558","not collected","OTHER",90,178957980,"PRJNA385011","SAMN06857617","Model organism or animal",146832498,"UNIVERSITY OF MICHIGAN","Alison Gould",2013,"public","fastq,run.zq,sra","gs,ncbi,s3","gs.us-east1,ncbi.public,s3.us-east-1","not applicable","SRX2772398","Illumina HiSeq 2000","Library6_S13-12","SINGLE","PCR","GENOMIC","Siphamia tubifer","ILLUMINA","2017-05-01T00:00:00Z","S13-12","not determined","SRP105806","S13-12","light organ","2017-05-01T17:31:00Z",1,"S",26.6354,127.8658,"Sesoko"
"SRR5489559","not collected","OTHER",90,170608500,"PRJNA385011","SAMN06857616","Model organism or animal",141489770,"UNIVERSITY OF MICHIGAN","Alison Gould",2013,"public","fastq,run.zq,sra","gs,ncbi,s3","gs.us-east1,ncbi.public,s3.us-east-1","not applicable","SRX2772399","Illumina HiSeq 2000","Library6_S13-11","SINGLE","PCR","GENOMIC","Siphamia tubifer","ILLUMINA","2017-05-01T00:00:00Z","S13-11","not determined","SRP105806","S13-11","light organ","2017-05-01T17:31:00Z",1,"S",26.6354,127.8658,"Sesoko"
"SRR5489561","not collected","OTHER",90,147377520,"PRJNA385011","SAMN06857614","Model organism or animal",122205843,"UNIVERSITY OF MICHIGAN","Alison Gould",2013,"public","fastq,run.zq,sra","gs,ncbi,s3","gs.us-east1,ncbi.public,s3.us-east-1","not applicable","SRX2772401","Illumina HiSeq 2000","Library5_S13-07","SINGLE","PCR","GENOMIC","Siphamia tubifer","ILLUMINA","2017-05-01T00:00:00Z","S13-07","not determined","SRP105806","S13-07","light organ","2017-05-01T17:31:00Z",1,"S",26.6354,127.8658,"Sesoko"
"SRR5489566","not collected","OTHER",90,49316310,"PRJNA385011","SAMN06857609","Model organism or animal",42363199,"UNIVERSITY OF MICHIGAN","Alison Gould",2012,"public","fastq,run.zq,sra","gs,ncbi,s3","gs.us-east1,ncbi.public,s3.us-east-1","not applicable","SRX2772406","Illumina HiSeq 2000","Library6_S12-250","SINGLE","PCR","GENOMIC","Siphamia tubifer","ILLUMINA","2017-05-01T00:00:00Z","S12-250","not determined","SRP105806","S12-250","light organ","2017-05-01T17:31:00Z",1,"S",26.6354,127.8658,"Sesoko"
"SRR5489567","not collected","OTHER",90,150776190,"PRJNA385011","SAMN06857608","Model organism or animal",125963560,"UNIVERSITY OF MICHIGAN","Alison Gould",2012,"public","fastq,run.zq,sra","gs,ncbi,s3","gs.us-east1,ncbi.public,s3.us-east-1","not applicable","SRX2772407","Illumina HiSeq 2000","Library5_S12-246","SINGLE","PCR","GENOMIC","Siphamia tubifer","ILLUMINA","2017-05-01T00:00:00Z","S12-246","not determined","SRP105806","S12-246","light organ","2017-05-01T17:31:00Z",1,"S",26.6354,127.8658,"Sesoko"
"SRR5489568","not collected","OTHER",90,92037690,"PRJNA385011","SAMN06857607","Model organism or animal",77389485,"UNIVERSITY OF MICHIGAN","Alison Gould",2012,"public","fastq,run.zq,sra","gs,ncbi,s3","gs.us-east1,ncbi.public,s3.us-east-1","not applicable","SRX2772408","Illumina HiSeq 2000","Library6_S12-244","SINGLE","PCR","GENOMIC","Siphamia tubifer","ILLUMINA","2017-05-01T00:00:00Z","S12-244","not determined","SRP105806","S12-244","light organ","2017-05-01T17:31:00Z",1,"S",26.6354,127.8658,"Sesoko"
"SRR5489569","not collected","OTHER",90,153360810,"PRJNA385011","SAMN06857606","Model organism or animal",127848978,"UNIVERSITY OF MICHIGAN","Alison Gould",2012,"public","fastq,run.zq,sra","gs,ncbi,s3","gs.us-east1,ncbi.public,s3.us-east-1","not applicable","SRX2772409","Illumina HiSeq 2000","Library5_S12-243","SINGLE","PCR","GENOMIC","Siphamia tubifer","ILLUMINA","2017-05-01T00:00:00Z","S12-243","not determined","SRP105806","S12-243","light organ","2017-05-01T17:32:00Z",1,"S",26.6354,127.8658,"Sesoko"
"SRR5489570","not collected","OTHER",90,74750400,"PRJNA385011","SAMN06857605","Model organism or animal",63925698,"UNIVERSITY OF MICHIGAN","Alison Gould",2012,"public","fastq,run.zq,sra","gs,ncbi,s3","gs.us-east1,ncbi.public,s3.us-east-1","not applicable","SRX2772410","Illumina HiSeq 2000","Library5_S12-242","SINGLE","PCR","GENOMIC","Siphamia tubifer","ILLUMINA","2017-05-01T00:00:00Z","S12-242","not determined","SRP105806","S12-242","light organ","2017-05-01T17:31:00Z",1,"S",26.6354,127.8658,"Sesoko"
"SRR5489571","not collected","OTHER",90,141830820,"PRJNA385011","SAMN06857604","Model organism or animal",118236079,"UNIVERSITY OF MICHIGAN","Alison Gould",2012,"public","fastq,run.zq,sra","gs,ncbi,s3","gs.us-east1,ncbi.public,s3.us-east-1","not applicable","SRX2772411","Illumina HiSeq 2000","Library6_S12-241","SINGLE","PCR","GENOMIC","Siphamia tubifer","ILLUMINA","2017-05-01T00:00:00Z","S12-241","not determined","SRP105806","S12-241","light organ","2017-05-01T17:31:00Z",1,"S",26.6354,127.8658,"Sesoko"
"SRR5489574","not collected","OTHER",90,121597200,"PRJNA385011","SAMN06857601","Model organism or animal",104248542,"UNIVERSITY OF MICHIGAN","Alison Gould",2012,"public","fastq,run.zq,sra","gs,ncbi,s3","gs.us-east1,ncbi.public,s3.us-east-1","not applicable","SRX2772414","Illumina HiSeq 2000","Library7_S12-235","SINGLE","PCR","GENOMIC","Siphamia tubifer","ILLUMINA","2017-05-01T00:00:00Z","S12-235","not determined","SRP105806","S12-235","light organ","2017-05-01T17:32:00Z",1,"S",26.6354,127.8658,"Sesoko"
"SRR5489575","not collected","OTHER",90,133774020,"PRJNA385011","SAMN06857600","Model organism or animal",114606853,"UNIVERSITY OF MICHIGAN","Alison Gould",2012,"public","fastq,run.zq,sra","gs,ncbi,s3","gs.us-east1,ncbi.public,s3.us-east-1","not applicable","SRX2772415","Illumina HiSeq 2000","Library7_S12-234","SINGLE","PCR","GENOMIC","Siphamia tubifer","ILLUMINA","2017-05-01T00:00:00Z","S12-234","not determined","SRP105806","S12-234","light organ","2017-05-01T17:32:00Z",1,"S",26.6354,127.8658,"Sesoko"
"SRR5489583","not collected","OTHER",90,190387080,"PRJNA385011","SAMN06857592","Model organism or animal",157506862,"UNIVERSITY OF MICHIGAN","Alison Gould",2013,"public","fastq,run.zq,sra","gs,ncbi,s3","gs.us-east1,ncbi.public,s3.us-east-1","not applicable","SRX2772423","Illumina HiSeq 2000","Library5_Ou13-30","SINGLE","PCR","GENOMIC","Siphamia tubifer","ILLUMINA","2017-05-01T00:00:00Z","Ou13-30","not determined","SRP105806","Ou13-30","light organ","2017-05-01T17:32:00Z",1,"Ou",26.128,127.769,"Ou"
"SRR5489584","not collected","OTHER",90,229459230,"PRJNA385011","SAMN06857591","Model organism or animal",193067942,"UNIVERSITY OF MICHIGAN","Alison Gould",2013,"public","fastq,run.zq,sra","gs,ncbi,s3","gs.us-east1,ncbi.public,s3.us-east-1","not applicable","SRX2772424","Illumina HiSeq 2000","Library7_Ou13-29","SINGLE","PCR","GENOMIC","Siphamia tubifer","ILLUMINA","2017-05-01T00:00:00Z","Ou13-29","not determined","SRP105806","Ou13-29","light organ","2017-05-01T17:32:00Z",1,"Ou",26.128,127.769,"Ou"
"SRR5489585","not collected","OTHER",90,194737860,"PRJNA385011","SAMN06857590","Model organism or animal",164549448,"UNIVERSITY OF MICHIGAN","Alison Gould",2013,"public","fastq,run.zq,sra","gs,ncbi,s3","gs.us-east1,ncbi.public,s3.us-east-1","not applicable","SRX2772425","Illumina HiSeq 2000","Library7_Ou13-27","SINGLE","PCR","GENOMIC","Siphamia tubifer","ILLUMINA","2017-05-01T00:00:00Z","Ou13-27","not determined","SRP105806","Ou13-27","light organ","2017-05-01T17:32:00Z",1,"Ou",26.128,127.769,"Ou"
"SRR5489586","not collected","OTHER",90,163822590,"PRJNA385011","SAMN06857589","Model organism or animal",138710034,"UNIVERSITY OF MICHIGAN","Alison Gould",2013,"public","fastq,run.zq,sra","gs,ncbi,s3","gs.us-east1,ncbi.public,s3.us-east-1","not applicable","SRX2772426","Illumina HiSeq 2000","Library7_Ou13-23","SINGLE","PCR","GENOMIC","Siphamia tubifer","ILLUMINA","2017-05-01T00:00:00Z","Ou13-23","not determined","SRP105806","Ou13-23","light organ","2017-05-01T17:32:00Z",1,"Ou",26.128,127.769,"Ou"
"SRR5489587","not collected","OTHER",90,211030740,"PRJNA385011","SAMN06857588","Model organism or animal",177846560,"UNIVERSITY OF MICHIGAN","Alison Gould",2013,"public","fastq,run.zq,sra","gs,ncbi,s3","gs.us-east1,ncbi.public,s3.us-east-1","not applicable","SRX2772427","Illumina HiSeq 2000","Library7_Ou13-21","SINGLE","PCR","GENOMIC","Siphamia tubifer","ILLUMINA","2017-05-01T00:00:00Z","Ou13-21","not determined","SRP105806","Ou13-21","light organ","2017-05-01T17:33:00Z",1,"Ou",26.128,127.769,"Ou"
"SRR5489588","not collected","OTHER",90,150412320,"PRJNA385011","SAMN06857587","Model organism or animal",125191208,"UNIVERSITY OF MICHIGAN","Alison Gould",2013,"public","fastq,run.zq,sra","gs,ncbi,s3","gs.us-east1,ncbi.public,s3.us-east-1","not applicable","SRX2772428","Illumina HiSeq 2000","Library6_Ou13-20","SINGLE","PCR","GENOMIC","Siphamia tubifer","ILLUMINA","2017-05-01T00:00:00Z","Ou13-20","not determined","SRP105806","Ou13-20","light organ","2017-05-01T17:32:00Z",1,"Ou",26.128,127.769,"Ou"
"SRR5489589","not collected","OTHER",90,189906840,"PRJNA385011","SAMN06857586","Model organism or animal",157877390,"UNIVERSITY OF MICHIGAN","Alison Gould",2013,"public","fastq,run.zq,sra","gs,ncbi,s3","gs.us-east1,ncbi.public,s3.us-east-1","not applicable","SRX2772429","Illumina HiSeq 2000","Library5_Ou13-19","SINGLE","PCR","GENOMIC","Siphamia tubifer","ILLUMINA","2017-05-01T00:00:00Z","Ou13-19","not determined","SRP105806","Ou13-19","light organ","2017-05-01T17:32:00Z",1,"Ou",26.128,127.769,"Ou"
"SRR5489590","not collected","OTHER",90,173221470,"PRJNA385011","SAMN06857585","Model organism or animal",142700462,"UNIVERSITY OF MICHIGAN","Alison Gould",2013,"public","fastq,run.zq,sra","gs,ncbi,s3","gs.us-east1,ncbi.public,s3.us-east-1","not applicable","SRX2772430","Illumina HiSeq 2000","Library6_Ou13-17","SINGLE","PCR","GENOMIC","Siphamia tubifer","ILLUMINA","2017-05-01T00:00:00Z","Ou13-17","not determined","SRP105806","Ou13-17","light organ","2017-05-01T17:32:00Z",1,"Ou",26.128,127.769,"Ou"
"SRR5489591","not collected","OTHER",90,92869830,"PRJNA385011","SAMN06857584","Model organism or animal",79221335,"UNIVERSITY OF MICHIGAN","Alison Gould",2013,"public","fastq,run.zq,sra","gs,ncbi,s3","gs.us-east1,ncbi.public,s3.us-east-1","not applicable","SRX2772431","Illumina HiSeq 2000","Library7_Ou13-16","SINGLE","PCR","GENOMIC","Siphamia tubifer","ILLUMINA","2017-05-01T00:00:00Z","Ou13-16","not determined","SRP105806","Ou13-16","light organ","2017-05-01T17:32:00Z",1,"Ou",26.128,127.769,"Ou"
"SRR5489593","not collected","OTHER",90,202414950,"PRJNA385011","SAMN06857582","Model organism or animal",166427706,"UNIVERSITY OF MICHIGAN","Alison Gould",2013,"public","fastq,run.zq,sra","gs,ncbi,s3","gs.us-east1,ncbi.public,s3.us-east-1","not applicable","SRX2772433","Illumina HiSeq 2000","Library5_Ou13-14","SINGLE","PCR","GENOMIC","Siphamia tubifer","ILLUMINA","2017-05-01T00:00:00Z","Ou13-14","not determined","SRP105806","Ou13-14","light organ","2017-05-01T17:32:00Z",1,"Ou",26.128,127.769,"Ou"
"SRR5489594","not collected","OTHER",90,184975740,"PRJNA385011","SAMN06857581","Model organism or animal",153269724,"UNIVERSITY OF MICHIGAN","Alison Gould",2013,"public","fastq,run.zq,sra","gs,ncbi,s3","gs.us-east1,ncbi.public,s3.us-east-1","not applicable","SRX2772434","Illumina HiSeq 2000","Library6_Ou13-13","SINGLE","PCR","GENOMIC","Siphamia tubifer","ILLUMINA","2017-05-01T00:00:00Z","Ou13-13","not determined","SRP105806","Ou13-13","light organ","2017-05-01T17:33:00Z",1,"Ou",26.128,127.769,"Ou"
"SRR5489595","not collected","OTHER",90,171724950,"PRJNA385011","SAMN06857580","Model organism or animal",142679276,"UNIVERSITY OF MICHIGAN","Alison Gould",2013,"public","fastq,run.zq,sra","gs,ncbi,s3","gs.us-east1,ncbi.public,s3.us-east-1","not applicable","SRX2772435","Illumina HiSeq 2000","Library5_Ou13-09","SINGLE","PCR","GENOMIC","Siphamia tubifer","ILLUMINA","2017-05-01T00:00:00Z","Ou13-09","not determined","SRP105806","Ou13-09","light organ","2017-05-01T17:32:00Z",1,"Ou",26.128,127.769,"Ou"
"SRR5489596","not collected","OTHER",90,161330490,"PRJNA385011","SAMN06857579","Model organism or animal",133925687,"UNIVERSITY OF MICHIGAN","Alison Gould",2013,"public","fastq,run.zq,sra","gs,ncbi,s3","gs.us-east1,ncbi.public,s3.us-east-1","not applicable","SRX2772436","Illumina HiSeq 2000","Library6_Ou13-07","SINGLE","PCR","GENOMIC","Siphamia tubifer","ILLUMINA","2017-05-01T00:00:00Z","Ou13-07","not determined","SRP105806","Ou13-07","light organ","2017-05-01T17:32:00Z",1,"Ou",26.128,127.769,"Ou"
"SRR5489597","not collected","OTHER",90,172451790,"PRJNA385011","SAMN06857578","Model organism or animal",144464103,"UNIVERSITY OF MICHIGAN","Alison Gould",2013,"public","fastq,run.zq,sra","gs,ncbi,s3","gs.us-east1,ncbi.public,s3.us-east-1","not applicable","SRX2772437","Illumina HiSeq 2000","Library6_Ou13-04","SINGLE","PCR","GENOMIC","Siphamia tubifer","ILLUMINA","2017-05-01T00:00:00Z","Ou13-04","not determined","SRP105806","Ou13-04","light organ","2017-05-01T17:32:00Z",1,"Ou",26.128,127.769,"Ou"
"SRR5489598","not collected","OTHER",90,182462400,"PRJNA385011","SAMN06857577","Model organism or animal",151384026,"UNIVERSITY OF MICHIGAN","Alison Gould",2013,"public","fastq,run.zq,sra","gs,ncbi,s3","gs.us-east1,ncbi.public,s3.us-east-1","not applicable","SRX2772438","Illumina HiSeq 2000","Library5_Ou13-03","SINGLE","PCR","GENOMIC","Siphamia tubifer","ILLUMINA","2017-05-01T00:00:00Z","Ou13-03","not determined","SRP105806","Ou13-03","light organ","2017-05-01T17:33:00Z",1,"Ou",26.128,127.769,"Ou"
"SRR5489599","not collected","OTHER",90,247996530,"PRJNA385011","SAMN06857576","Model organism or animal",173016763,"UNIVERSITY OF MICHIGAN","Alison Gould",2013,"public","fastq,run.zq,sra","gs,ncbi,s3","gs.us-east1,ncbi.public,s3.us-east-1","not applicable","SRX2772439","Illumina HiSeq 2000","Library2_N13-32","SINGLE","PCR","GENOMIC","Siphamia tubifer","ILLUMINA","2017-05-01T00:00:00Z","N13-32","not determined","SRP105806","N13-32","light organ","2017-05-01T17:33:00Z",1,"N",26.6037,127.9324,"Nago"
"SRR5489600","not collected","OTHER",90,222727770,"PRJNA385011","SAMN06857575","Model organism or animal",152317358,"UNIVERSITY OF MICHIGAN","Alison Gould",2013,"public","fastq,run.zq,sra","gs,ncbi,s3","gs.us-east1,ncbi.public,s3.us-east-1","not applicable","SRX2772440","Illumina HiSeq 2000","Library2_N13-31","SINGLE","PCR","GENOMIC","Siphamia tubifer","ILLUMINA","2017-05-01T00:00:00Z","N13-31","not determined","SRP105806","N13-31","light organ","2017-05-01T17:32:00Z",1,"N",26.6037,127.9324,"Nago"
"SRR5489606","not collected","OTHER",90,274539600,"PRJNA385011","SAMN06857569","Model organism or animal",189115327,"UNIVERSITY OF MICHIGAN","Alison Gould",2013,"public","fastq,run.zq,sra","gs,ncbi,s3","gs.us-east1,ncbi.public,s3.us-east-1","not applicable","SRX2772446","Illumina HiSeq 2000","Library2_N13-17","SINGLE","PCR","GENOMIC","Siphamia tubifer","ILLUMINA","2017-05-01T00:00:00Z","N13-17","not determined","SRP105806","N13-17","light organ","2017-05-01T17:33:00Z",1,"N",26.6037,127.9324,"Nago"
"SRR5489607","not collected","OTHER",90,268533180,"PRJNA385011","SAMN06857568","Model organism or animal",182190143,"UNIVERSITY OF MICHIGAN","Alison Gould",2013,"public","fastq,run.zq,sra","gs,ncbi,s3","gs.us-east1,ncbi.public,s3.us-east-1","not applicable","SRX2772447","Illumina HiSeq 2000","Library2_N13-16","SINGLE","PCR","GENOMIC","Siphamia tubifer","ILLUMINA","2017-05-01T00:00:00Z","N13-16","not determined","SRP105806","N13-16","light organ","2017-05-01T17:33:00Z",1,"N",26.6037,127.9324,"Nago"
"SRR5489608","not collected","OTHER",90,195752070,"PRJNA385011","SAMN06857567","Model organism or animal",140962304,"UNIVERSITY OF MICHIGAN","Alison Gould",2013,"public","fastq,run.zq,sra","gs,ncbi,s3","gs.us-east1,ncbi.public,s3.us-east-1","not applicable","SRX2772448","Illumina HiSeq 2000","Library2_N13-15","SINGLE","PCR","GENOMIC","Siphamia tubifer","ILLUMINA","2017-05-01T00:00:00Z","N13-15","not determined","SRP105806","N13-15","light organ","2017-05-01T17:33:00Z",1,"N",26.6037,127.9324,"Nago"
"SRR5489609","not collected","OTHER",90,185990220,"PRJNA385011","SAMN06857566","Model organism or animal",130884031,"UNIVERSITY OF MICHIGAN","Alison Gould",2013,"public","fastq,run.zq,sra","gs,ncbi,s3","gs.us-east1,ncbi.public,s3.us-east-1","not applicable","SRX2772449","Illumina HiSeq 2000","Library2_N13-14","SINGLE","PCR","GENOMIC","Siphamia tubifer","ILLUMINA","2017-05-01T00:00:00Z","N13-14","not determined","SRP105806","N13-14","light organ","2017-05-01T17:33:00Z",1,"N",26.6037,127.9324,"Nago"
"SRR5489610","not collected","OTHER",90,112142790,"PRJNA385011","SAMN06857565","Model organism or animal",79374031,"UNIVERSITY OF MICHIGAN","Alison Gould",2013,"public","fastq,run.zq,sra","gs,ncbi,s3","gs.us-east1,ncbi.public,s3.us-east-1","not applicable","SRX2772450","Illumina HiSeq 2000","Library2_N13-13","SINGLE","PCR","GENOMIC","Siphamia tubifer","ILLUMINA","2017-05-01T00:00:00Z","N13-13","not determined","SRP105806","N13-13","light organ","2017-05-01T17:32:00Z",1,"N",26.6037,127.9324,"Nago"
"SRR5489611","not collected","OTHER",90,98585550,"PRJNA385011","SAMN06857564","Model organism or animal",70048250,"UNIVERSITY OF MICHIGAN","Alison Gould",2013,"public","fastq,run.zq,sra","gs,ncbi,s3","gs.us-east1,ncbi.public,s3.us-east-1","not applicable","SRX2772451","Illumina HiSeq 2000","Library2_N13-12","SINGLE","PCR","GENOMIC","Siphamia tubifer","ILLUMINA","2017-05-01T00:00:00Z","N13-12","not determined","SRP105806","N13-12","light organ","2017-05-01T17:32:00Z",1,"N",26.6037,127.9324,"Nago"
"SRR5489612","not collected","OTHER",90,171599490,"PRJNA385011","SAMN06857563","Model organism or animal",119455795,"UNIVERSITY OF MICHIGAN","Alison Gould",2013,"public","fastq,run.zq,sra","gs,ncbi,s3","gs.us-east1,ncbi.public,s3.us-east-1","not applicable","SRX2772452","Illumina HiSeq 2000","Library2_N13-11","SINGLE","PCR","GENOMIC","Siphamia tubifer","ILLUMINA","2017-05-01T00:00:00Z","N13-11","not determined","SRP105806","N13-11","light organ","2017-05-01T17:32:00Z",1,"N",26.6037,127.9324,"Nago"
"SRR5489613","not collected","OTHER",90,148866480,"PRJNA385011","SAMN06857562","Model organism or animal",105502340,"UNIVERSITY OF MICHIGAN","Alison Gould",2013,"public","fastq,run.zq,sra","gs,ncbi,s3","gs.us-east1,ncbi.public,s3.us-east-1","not applicable","SRX2772453","Illumina HiSeq 2000","Library2_N13-10","SINGLE","PCR","GENOMIC","Siphamia tubifer","ILLUMINA","2017-05-01T00:00:00Z","N13-10","not determined","SRP105806","N13-10","light organ","2017-05-01T17:32:00Z",1,"N",26.6037,127.9324,"Nago"
"SRR5489614","not collected","OTHER",90,251883360,"PRJNA385011","SAMN06857561","Model organism or animal",173256594,"UNIVERSITY OF MICHIGAN","Alison Gould",2013,"public","fastq,run.zq,sra","gs,ncbi,s3","gs.us-east1,ncbi.public,s3.us-east-1","not applicable","SRX2772454","Illumina HiSeq 2000","Library2_N13-06","SINGLE","PCR","GENOMIC","Siphamia tubifer","ILLUMINA","2017-05-01T00:00:00Z","N13-06","not determined","SRP105806","N13-06","light organ","2017-05-01T17:33:00Z",1,"N",26.6037,127.9324,"Nago"
"SRR5489615","not collected","OTHER",90,150468210,"PRJNA385011","SAMN06857560","Model organism or animal",108729640,"UNIVERSITY OF MICHIGAN","Alison Gould",2013,"public","fastq,run.zq,sra","gs,ncbi,s3","gs.us-east1,ncbi.public,s3.us-east-1","not applicable","SRX2772455","Illumina HiSeq 2000","Library2_N13-05","SINGLE","PCR","GENOMIC","Siphamia tubifer","ILLUMINA","2017-05-01T00:00:00Z","N13-05","not determined","SRP105806","N13-05","light organ","2017-05-01T17:32:00Z",1,"N",26.6037,127.9324,"Nago"
"SRR5489616","not collected","OTHER",90,192382920,"PRJNA385011","SAMN06857559","Model organism or animal",135802574,"UNIVERSITY OF MICHIGAN","Alison Gould",2013,"public","fastq,run.zq,sra","gs,ncbi,s3","gs.us-east1,ncbi.public,s3.us-east-1","not applicable","SRX2772456","Illumina HiSeq 2000","Library2_N13-04","SINGLE","PCR","GENOMIC","Siphamia tubifer","ILLUMINA","2017-05-01T00:00:00Z","N13-04","not determined","SRP105806","N13-04","light organ","2017-05-01T17:33:00Z",1,"N",26.6037,127.9324,"Nago"
"SRR5489617","not collected","OTHER",90,219832470,"PRJNA385011","SAMN06857558","Model organism or animal",151169549,"UNIVERSITY OF MICHIGAN","Alison Gould",2013,"public","fastq,run.zq,sra","gs,ncbi,s3","gs.us-east1,ncbi.public,s3.us-east-1","not applicable","SRX2772457","Illumina HiSeq 2000","Library2_N13-03","SINGLE","PCR","GENOMIC","Siphamia tubifer","ILLUMINA","2017-05-01T00:00:00Z","N13-03","not determined","SRP105806","N13-03","light organ","2017-05-01T17:33:00Z",1,"N",26.6037,127.9324,"Nago"
"SRR5489618","not collected","OTHER",90,207316890,"PRJNA385011","SAMN06857557","Model organism or animal",143315626,"UNIVERSITY OF MICHIGAN","Alison Gould",2013,"public","fastq,run.zq,sra","gs,ncbi,s3","gs.us-east1,ncbi.public,s3.us-east-1","not applicable","SRX2772458","Illumina HiSeq 2000","Library2_N13-02","SINGLE","PCR","GENOMIC","Siphamia tubifer","ILLUMINA","2017-05-01T00:00:00Z","N13-02","not determined","SRP105806","N13-02","light organ","2017-05-01T17:33:00Z",1,"N",26.6037,127.9324,"Nago"
"SRR5489619","not collected","OTHER",90,138967020,"PRJNA385011","SAMN06857556","Model organism or animal",101499464,"UNIVERSITY OF MICHIGAN","Alison Gould",2013,"public","fastq,run.zq,sra","gs,ncbi,s3","gs.us-east1,ncbi.public,s3.us-east-1","not applicable","SRX2772460","Illumina HiSeq 2000","Library2_N13-01","SINGLE","PCR","GENOMIC","Siphamia tubifer","ILLUMINA","2017-05-01T00:00:00Z","N13-01","not determined","SRP105806","N13-01","light organ","2017-05-01T17:33:00Z",1,"N",26.6037,127.9324,"Nago"
"SRR5489620","not collected","OTHER",90,69882480,"PRJNA385011","SAMN06857555","Model organism or animal",50106087,"UNIVERSITY OF MICHIGAN","Alison Gould",2013,"public","fastq,run.zq,sra","gs,ncbi,s3","gs.us-east1,ncbi.public,s3.us-east-1","not applicable","SRX2772461","Illumina HiSeq 2000","Library2_M13-35","SINGLE","PCR","GENOMIC","Siphamia tubifer","ILLUMINA","2017-05-01T00:00:00Z","M13-35","not determined","SRP105806","M13-35","light organ","2017-05-01T17:32:00Z",1,"M",26.6558,127.8803,"Motobu"
"SRR5489621","not collected","OTHER",90,105460380,"PRJNA385011","SAMN06857554","Model organism or animal",75537886,"UNIVERSITY OF MICHIGAN","Alison Gould",2013,"public","fastq,run.zq,sra","gs,ncbi,s3","gs.us-east1,ncbi.public,s3.us-east-1","not applicable","SRX2772462","Illumina HiSeq 2000","Library2_M13-33","SINGLE","PCR","GENOMIC","Siphamia tubifer","ILLUMINA","2017-05-01T00:00:00Z","M13-33","not determined","SRP105806","M13-33","light organ","2017-05-01T17:32:00Z",1,"M",26.6558,127.8803,"Motobu"
"SRR5489622","not collected","OTHER",90,65973150,"PRJNA385011","SAMN06857553","Model organism or animal",48073128,"UNIVERSITY OF MICHIGAN","Alison Gould",2013,"public","fastq,run.zq,sra","gs,ncbi,s3","gs.us-east1,ncbi.public,s3.us-east-1","not applicable","SRX2772463","Illumina HiSeq 2000","Library2_M13-32","SINGLE","PCR","GENOMIC","Siphamia tubifer","ILLUMINA","2017-05-01T00:00:00Z","M13-32","not determined","SRP105806","M13-32","light organ","2017-05-01T17:32:00Z",1,"M",26.6558,127.8803,"Motobu"
"SRR5489623","not collected","OTHER",90,189534330,"PRJNA385011","SAMN06857552","Model organism or animal",134493183,"UNIVERSITY OF MICHIGAN","Alison Gould",2013,"public","fastq,run.zq,sra","gs,ncbi,s3","gs.us-east1,ncbi.public,s3.us-east-1","not applicable","SRX2772464","Illumina HiSeq 2000","Library2_M13-31","SINGLE","PCR","GENOMIC","Siphamia tubifer","ILLUMINA","2017-05-01T00:00:00Z","M13-31","not determined","SRP105806","M13-31","light organ","2017-05-01T17:33:00Z",1,"M",26.6558,127.8803,"Motobu"
"SRR5489624","not collected","OTHER",90,124731270,"PRJNA385011","SAMN06857551","Model organism or animal",88259809,"UNIVERSITY OF MICHIGAN","Alison Gould",2013,"public","fastq,run.zq,sra","gs,ncbi,s3","gs.us-east1,ncbi.public,s3.us-east-1","not applicable","SRX2772465","Illumina HiSeq 2000","Library2_M13-30","SINGLE","PCR","GENOMIC","Siphamia tubifer","ILLUMINA","2017-05-01T00:00:00Z","M13-30","not determined","SRP105806","M13-30","light organ","2017-05-01T17:33:00Z",1,"M",26.6558,127.8803,"Motobu"
"SRR5489625","not collected","OTHER",90,306791550,"PRJNA385011","SAMN06857550","Model organism or animal",208429490,"UNIVERSITY OF MICHIGAN","Alison Gould",2013,"public","fastq,run.zq,sra","gs,ncbi,s3","gs.us-east1,ncbi.public,s3.us-east-1","not applicable","SRX2772466","Illumina HiSeq 2000","Library2_M13-27","SINGLE","PCR","GENOMIC","Siphamia tubifer","ILLUMINA","2017-05-01T00:00:00Z","M13-27","not determined","SRP105806","M13-27","light organ","2017-05-01T17:34:00Z",1,"M",26.6558,127.8803,"Motobu"
"SRR5489626","not collected","OTHER",90,86331060,"PRJNA385011","SAMN06857549","Model organism or animal",62821847,"UNIVERSITY OF MICHIGAN","Alison Gould",2013,"public","fastq,run.zq,sra","gs,ncbi,s3","gs.us-east1,ncbi.public,s3.us-east-1","not applicable","SRX2772467","Illumina HiSeq 2000","Library2_M13-25","SINGLE","PCR","GENOMIC","Siphamia tubifer","ILLUMINA","2017-05-01T00:00:00Z","M13-25","not determined","SRP105806","M13-25","light organ","2017-05-01T17:33:00Z",1,"M",26.6558,127.8803,"Motobu"
"SRR5489627","not collected","OTHER",90,67370310,"PRJNA385011","SAMN06857548","Model organism or animal",49247528,"UNIVERSITY OF MICHIGAN","Alison Gould",2013,"public","fastq,run.zq,sra","gs,ncbi,s3","gs.us-east1,ncbi.public,s3.us-east-1","not applicable","SRX2772468","Illumina HiSeq 2000","Library2_M13-24","SINGLE","PCR","GENOMIC","Siphamia tubifer","ILLUMINA","2017-05-01T00:00:00Z","M13-24","not determined","SRP105806","M13-24","light organ","2017-05-01T17:32:00Z",1,"M",26.6558,127.8803,"Motobu"
"SRR5489640","not collected","OTHER",90,228365550,"PRJNA385011","SAMN06857535","Model organism or animal",174501485,"UNIVERSITY OF MICHIGAN","Alison Gould",2014,"public","fastq,run.zq,sra","gs,ncbi,s3","gs.us-east1,ncbi.public,s3.us-east-1","not applicable","SRX2772481","Illumina HiSeq 2000","Library3_Ku14-09","SINGLE","PCR","GENOMIC","Siphamia tubifer","ILLUMINA","2017-05-01T00:00:00Z","Ku14-09","not determined","SRP105806","Ku14-09","light organ","2017-05-01T17:33:00Z",1,"Ku",26.3516,126.8201,"Kume"
"SRR5489677","not collected","OTHER",90,105944490,"PRJNA385011","SAMN06857498","Model organism or animal",78658273,"UNIVERSITY OF MICHIGAN","Alison Gould",2014,"public","fastq,run.zq,sra","gs,ncbi,s3","gs.us-east1,ncbi.public,s3.us-east-1","not applicable","SRX2772518","Illumina HiSeq 2000","Library3_ItH14-23","SINGLE","PCR","GENOMIC","Siphamia tubifer","ILLUMINA","2017-05-01T00:00:00Z","ItH14-23","not determined","SRP105806","ItH14-23","light organ","2017-05-01T17:33:00Z",1,"ItH",26.0952,127.6585,"Itoman"
"SRR5489678","not collected","OTHER",90,140587920,"PRJNA385011","SAMN06857497","Model organism or animal",102228057,"UNIVERSITY OF MICHIGAN","Alison Gould",2014,"public","fastq,run.zq,sra","gs,ncbi,s3","gs.us-east1,ncbi.public,s3.us-east-1","not applicable","SRX2772519","Illumina HiSeq 2000","Library3_ItH14-22","SINGLE","PCR","GENOMIC","Siphamia tubifer","ILLUMINA","2017-05-01T00:00:00Z","ItH14-22","not determined","SRP105806","ItH14-22","light organ","2017-05-01T17:33:00Z",1,"ItH",26.0952,127.6585,"Itoman"
"SRR5489679","not collected","OTHER",90,125737470,"PRJNA385011","SAMN06857496","Model organism or animal",92737323,"UNIVERSITY OF MICHIGAN","Alison Gould",2014,"public","fastq,run.zq,sra","gs,ncbi,s3","gs.us-east1,ncbi.public,s3.us-east-1","not applicable","SRX2772520","Illumina HiSeq 2000","Library3_ItH14-21","SINGLE","PCR","GENOMIC","Siphamia tubifer","ILLUMINA","2017-05-01T00:00:00Z","ItH14-21","not determined","SRP105806","ItH14-21","light organ","2017-05-01T17:34:00Z",1,"ItH",26.0952,127.6585,"Itoman"
"SRR5489680","not collected","OTHER",90,146129040,"PRJNA385011","SAMN06857495","Model organism or animal",106734661,"UNIVERSITY OF MICHIGAN","Alison Gould",2014,"public","fastq,run.zq,sra","gs,ncbi,s3","gs.us-east1,ncbi.public,s3.us-east-1","not applicable","SRX2772521","Illumina HiSeq 2000","Library3_ItH14-20","SINGLE","PCR","GENOMIC","Siphamia tubifer","ILLUMINA","2017-05-01T00:00:00Z","ItH14-20","not determined","SRP105806","ItH14-20","light organ","2017-05-01T17:33:00Z",1,"ItH",26.0952,127.6585,"Itoman"
"SRR5489681","not collected","OTHER",90,175085730,"PRJNA385011","SAMN06857494","Model organism or animal",126862667,"UNIVERSITY OF MICHIGAN","Alison Gould",2014,"public","fastq,run.zq,sra","gs,ncbi,s3","gs.us-east1,ncbi.public,s3.us-east-1","not applicable","SRX2772522","Illumina HiSeq 2000","Library4_ItH14-01","SINGLE","PCR","GENOMIC","Siphamia tubifer","ILLUMINA","2017-05-01T00:00:00Z","ItH14-01","not determined","SRP105806","ItH14-01","light organ","2017-05-01T17:34:00Z",1,"ItH",26.0952,127.6585,"Itoman"
"SRR5489682","not collected","OTHER",90,134689680,"PRJNA385011","SAMN06857493","Model organism or animal",98804914,"UNIVERSITY OF MICHIGAN","Alison Gould",2014,"public","fastq,run.zq,sra","gs,ncbi,s3","gs.us-east1,ncbi.public,s3.us-east-1","not applicable","SRX2772523","Illumina HiSeq 2000","Library3_ItH14-19","SINGLE","PCR","GENOMIC","Siphamia tubifer","ILLUMINA","2017-05-01T00:00:00Z","ItH14-19","not determined","SRP105806","ItH14-19","light organ","2017-05-01T17:33:00Z",1,"ItH",26.0952,127.6585,"Itoman"
"SRR5489683","not collected","OTHER",90,127581030,"PRJNA385011","SAMN06857492","Model organism or animal",104333251,"UNIVERSITY OF MICHIGAN","Alison Gould",2014,"public","fastq,run.zq,sra","gs,ncbi,s3","gs.us-east1,ncbi.public,s3.us-east-1","not applicable","SRX2772524","Illumina HiSeq 2000","Library3_ItH14-18","SINGLE","PCR","GENOMIC","Siphamia tubifer","ILLUMINA","2017-05-01T00:00:00Z","ItH14-18","not determined","SRP105806","ItH14-18","light organ","2017-05-01T17:33:00Z",1,"ItH",26.0952,127.6585,"Itoman"
"SRR5489684","not collected","OTHER",90,151046820,"PRJNA385011","SAMN06857491","Model organism or animal",110493583,"UNIVERSITY OF MICHIGAN","Alison Gould",2014,"public","fastq,run.zq,sra","gs,ncbi,s3","gs.us-east1,ncbi.public,s3.us-east-1","not applicable","SRX2772525","Illumina HiSeq 2000","Library3_ItH14-17","SINGLE","PCR","GENOMIC","Siphamia tubifer","ILLUMINA","2017-05-01T00:00:00Z","ItH14-17","not determined","SRP105806","ItH14-17","light organ","2017-05-01T17:33:00Z",1,"ItH",26.0952,127.6585,"Itoman"
"SRR5489685","not collected","OTHER",90,120739680,"PRJNA385011","SAMN06857490","Model organism or animal",88700605,"UNIVERSITY OF MICHIGAN","Alison Gould",2014,"public","fastq,run.zq,sra","gs,ncbi,s3","gs.us-east1,ncbi.public,s3.us-east-1","not applicable","SRX2772526","Illumina HiSeq 2000","Library3_ItH14-16","SINGLE","PCR","GENOMIC","Siphamia tubifer","ILLUMINA","2017-05-01T00:00:00Z","ItH14-16","not determined","SRP105806","ItH14-16","light organ","2017-05-01T17:34:00Z",1,"ItH",26.0952,127.6585,"Itoman"
"SRR5489687","not collected","OTHER",90,131200920,"PRJNA385011","SAMN06857489","Model organism or animal",107962838,"UNIVERSITY OF MICHIGAN","Alison Gould",2014,"public","fastq,run.zq,sra","gs,ncbi,s3","gs.us-east1,ncbi.public,s3.us-east-1","not applicable","SRX2772527","Illumina HiSeq 2000","Library3_ItH14-15","SINGLE","PCR","GENOMIC","Siphamia tubifer","ILLUMINA","2017-05-01T00:00:00Z","ItH14-15","not determined","SRP105806","ItH14-15","light organ","2017-05-01T17:34:00Z",1,"ItH",26.0952,127.6585,"Itoman"
"SRR5489688","not collected","OTHER",90,134483760,"PRJNA385011","SAMN06857488","Model organism or animal",102767904,"UNIVERSITY OF MICHIGAN","Alison Gould",2014,"public","fastq,run.zq,sra","gs,ncbi,s3","gs.us-east1,ncbi.public,s3.us-east-1","not applicable","SRX2772528","Illumina HiSeq 2000","Library3_ItH14-14","SINGLE","PCR","GENOMIC","Siphamia tubifer","ILLUMINA","2017-05-01T00:00:00Z","ItH14-14","not determined","SRP105806","ItH14-14","light organ","2017-05-01T17:34:00Z",1,"ItH",26.0952,127.6585,"Itoman"
"SRR5489690","not collected","OTHER",90,78554250,"PRJNA385011","SAMN06857486","Model organism or animal",60044528,"UNIVERSITY OF MICHIGAN","Alison Gould",2014,"public","fastq,run.zq,sra","gs,ncbi,s3","gs.us-east1,ncbi.public,s3.us-east-1","not applicable","SRX2772530","Illumina HiSeq 2000","Library4_ItH14-12","SINGLE","PCR","GENOMIC","Siphamia tubifer","ILLUMINA","2017-05-01T00:00:00Z","ItH14-12","not determined","SRP105806","ItH14-12","light organ","2017-05-01T17:33:00Z",1,"ItH",26.0952,127.6585,"Itoman"
"SRR5489691","not collected","OTHER",90,130696020,"PRJNA385011","SAMN06857485","Model organism or animal",102582570,"UNIVERSITY OF MICHIGAN","Alison Gould",2014,"public","fastq,run.zq,sra","gs,ncbi,s3","gs.us-east1,ncbi.public,s3.us-east-1","not applicable","SRX2772531","Illumina HiSeq 2000","Library4_ItH14-11","SINGLE","PCR","GENOMIC","Siphamia tubifer","ILLUMINA","2017-05-01T00:00:00Z","ItH14-11","not determined","SRP105806","ItH14-11","light organ","2017-05-01T17:33:00Z",1,"ItH",26.0952,127.6585,"Itoman"
"SRR5489692","not collected","OTHER",90,216861210,"PRJNA385011","SAMN06857484","Model organism or animal",178378045,"UNIVERSITY OF MICHIGAN","Alison Gould",2013,"public","fastq,run.zq,sra","gs,ncbi,s3","gs.us-east1,ncbi.public,s3.us-east-1","not applicable","SRX2772532","Illumina HiSeq 2000","Library5_ItH13-35","SINGLE","PCR","GENOMIC","Siphamia tubifer","ILLUMINA","2017-05-01T00:00:00Z","ItH13-35","not determined","SRP105806","ItH13-35","light organ","2017-05-01T17:34:00Z",1,"ItH",26.0952,127.6585,"Itoman"
"SRR5489693","not collected","OTHER",90,119853720,"PRJNA385011","SAMN06857483","Model organism or animal",102435379,"UNIVERSITY OF MICHIGAN","Alison Gould",2013,"public","fastq,run.zq,sra","gs,ncbi,s3","gs.us-east1,ncbi.public,s3.us-east-1","not applicable","SRX2772533","Illumina HiSeq 2000","Library7_ItH13-34","SINGLE","PCR","GENOMIC","Siphamia tubifer","ILLUMINA","2017-05-01T00:00:00Z","ItH13-34","not determined","SRP105806","ItH13-34","light organ","2017-05-01T17:34:00Z",1,"ItH",26.0952,127.6585,"Itoman"
"SRR5489694","not collected","OTHER",90,190216080,"PRJNA385011","SAMN06857482","Model organism or animal",157696493,"UNIVERSITY OF MICHIGAN","Alison Gould",2013,"public","fastq,run.zq,sra","gs,ncbi,s3","gs.us-east1,ncbi.public,s3.us-east-1","not applicable","SRX2772534","Illumina HiSeq 2000","Library6_ItH13-33","SINGLE","PCR","GENOMIC","Siphamia tubifer","ILLUMINA","2017-05-01T00:00:00Z","ItH13-33","not determined","SRP105806","ItH13-33","light organ","2017-05-01T17:34:00Z",1,"ItH",26.0952,127.6585,"Itoman"
"SRR5489701","not collected","OTHER",90,140643450,"PRJNA385011","SAMN06857475","Model organism or animal",118293235,"UNIVERSITY OF MICHIGAN","Alison Gould",2013,"public","fastq,run.zq,sra","gs,ncbi,s3","gs.us-east1,ncbi.public,s3.us-east-1","not applicable","SRX2772541","Illumina HiSeq 2000","Library5_ItH13-12","SINGLE","PCR","GENOMIC","Siphamia tubifer","ILLUMINA","2017-05-01T00:00:00Z","ItH13-12","not determined","SRP105806","ItH13-12","light organ","2017-05-01T17:34:00Z",1,"ItH",26.0952,127.6585,"Itoman"
"SRR5489706","not collected","OTHER",90,106939350,"PRJNA385011","SAMN06857470","Model organism or animal",79005099,"UNIVERSITY OF MICHIGAN","Alison Gould",2014,"public","fastq,run.zq,sra","gs,ncbi,s3","gs.us-east1,ncbi.public,s3.us-east-1","not applicable","SRX2772546","Illumina HiSeq 2000","Library4_Ik14-09","SINGLE","PCR","GENOMIC","Siphamia tubifer","ILLUMINA","2017-05-01T00:00:00Z","Ik14-09","not determined","SRP105806","Ik14-09","light organ","2017-05-01T17:34:00Z",1,"Ik",26.3935,127.9886,"Ikei"
"SRR5489711","not collected","OTHER",90,128296710,"PRJNA385011","SAMN06857465","Model organism or animal",97731658,"UNIVERSITY OF MICHIGAN","Alison Gould",2014,"public","fastq,run.zq,sra","gs,ncbi,s3","gs.us-east1,ncbi.public,s3.us-east-1","not applicable","SRX2772551","Illumina HiSeq 2000","Library3_Ik14-33","SINGLE","PCR","GENOMIC","Siphamia tubifer","ILLUMINA","2017-05-01T00:00:00Z","Ik14-33","not determined","SRP105806","Ik14-33","light organ","2017-05-01T17:34:00Z",1,"Ik",26.3935,127.9886,"Ikei"
"SRR5489719","not collected","OTHER",90,121518450,"PRJNA385011","SAMN06857457","Model organism or animal",89955888,"UNIVERSITY OF MICHIGAN","Alison Gould",2014,"public","fastq,run.zq,sra","gs,ncbi,s3","gs.us-east1,ncbi.public,s3.us-east-1","not applicable","SRX2772559","Illumina HiSeq 2000","Library3_Ik14-20","SINGLE","PCR","GENOMIC","Siphamia tubifer","ILLUMINA","2017-05-01T00:00:00Z","Ik14-20","not determined","SRP105806","Ik14-20","light organ","2017-05-01T17:34:00Z",1,"Ik",26.3935,127.9886,"Ikei"
"SRR5489720","not collected","OTHER",90,139568040,"PRJNA385011","SAMN06857456","Model organism or animal",104922512,"UNIVERSITY OF MICHIGAN","Alison Gould",2014,"public","fastq,run.zq,sra","gs,ncbi,s3","gs.us-east1,ncbi.public,s3.us-east-1","not applicable","SRX2772560","Illumina HiSeq 2000","Library4_Ik14-01","SINGLE","PCR","GENOMIC","Siphamia tubifer","ILLUMINA","2017-05-01T00:00:00Z","Ik14-01","not determined","SRP105806","Ik14-01","light organ","2017-05-01T17:34:00Z",1,"Ik",26.3935,127.9886,"Ikei"
"SRR5489721","not collected","OTHER",90,111212820,"PRJNA385011","SAMN06857455","Model organism or animal",81762161,"UNIVERSITY OF MICHIGAN","Alison Gould",2014,"public","fastq,run.zq,sra","gs,ncbi,s3","gs.us-east1,ncbi.public,s3.us-east-1","not applicable","SRX2772561","Illumina HiSeq 2000","Library3_Ik14-18","SINGLE","PCR","GENOMIC","Siphamia tubifer","ILLUMINA","2017-05-01T00:00:00Z","Ik14-18","not determined","SRP105806","Ik14-18","light organ","2017-05-01T17:34:00Z",1,"Ik",26.3935,127.9886,"Ikei"
"SRR5489722","not collected","OTHER",90,96406650,"PRJNA385011","SAMN06857454","Model organism or animal",74920766,"UNIVERSITY OF MICHIGAN","Alison Gould",2014,"public","fastq,run.zq,sra","gs,ncbi,s3","gs.us-east1,ncbi.public,s3.us-east-1","not applicable","SRX2772562","Illumina HiSeq 2000","Library3_Ik14-17","SINGLE","PCR","GENOMIC","Siphamia tubifer","ILLUMINA","2017-05-01T00:00:00Z","Ik14-17","not determined","SRP105806","Ik14-17","light organ","2017-05-01T17:34:00Z",1,"Ik",26.3935,127.9886,"Ikei"
"SRR5489723","not collected","OTHER",90,106844310,"PRJNA385011","SAMN06857453","Model organism or animal",79413196,"UNIVERSITY OF MICHIGAN","Alison Gould",2014,"public","fastq,run.zq,sra","gs,ncbi,s3","gs.us-east1,ncbi.public,s3.us-east-1","not applicable","SRX2772563","Illumina HiSeq 2000","Library3_Ik14-15","SINGLE","PCR","GENOMIC","Siphamia tubifer","ILLUMINA","2017-05-01T00:00:00Z","Ik14-15","not determined","SRP105806","Ik14-15","light organ","2017-05-01T17:34:00Z",1,"Ik",26.3935,127.9886,"Ikei"
"SRR5489724","not collected","OTHER",90,92878200,"PRJNA385011","SAMN06857452","Model organism or animal",70230500,"UNIVERSITY OF MICHIGAN","Alison Gould",2014,"public","fastq,run.zq,sra","gs,ncbi,s3","gs.us-east1,ncbi.public,s3.us-east-1","not applicable","SRX2772564","Illumina HiSeq 2000","Library4_Ik14-13","SINGLE","PCR","GENOMIC","Siphamia tubifer","ILLUMINA","2017-05-01T00:00:00Z","Ik14-13","not determined","SRP105806","Ik14-13","light organ","2017-05-01T17:34:00Z",1,"Ik",26.3935,127.9886,"Ikei"
"SRR5489725","not collected","OTHER",90,100038960,"PRJNA385011","SAMN06857451","Model organism or animal",78231826,"UNIVERSITY OF MICHIGAN","Alison Gould",2014,"public","fastq,run.zq,sra","gs,ncbi,s3","gs.us-east1,ncbi.public,s3.us-east-1","not applicable","SRX2772565","Illumina HiSeq 2000","Library4_Ik14-12","SINGLE","PCR","GENOMIC","Siphamia tubifer","ILLUMINA","2017-05-01T00:00:00Z","Ik14-12","not determined","SRP105806","Ik14-12","light organ","2017-05-01T17:34:00Z",1,"Ik",26.3935,127.9886,"Ikei"
"SRR5489726","not collected","OTHER",90,120087000,"PRJNA385011","SAMN06857450","Model organism or animal",88003133,"UNIVERSITY OF MICHIGAN","Alison Gould",2014,"public","fastq,run.zq,sra","gs,ncbi,s3","gs.us-east1,ncbi.public,s3.us-east-1","not applicable","SRX2772566","Illumina HiSeq 2000","Library4_Ik14-11","SINGLE","PCR","GENOMIC","Siphamia tubifer","ILLUMINA","2017-05-01T00:00:00Z","Ik14-11","not determined","SRP105806","Ik14-11","light organ","2017-05-01T17:34:00Z",1,"Ik",26.3935,127.9886,"Ikei"
"SRR5489727","not collected","OTHER",90,132690780,"PRJNA385011","SAMN06857449","Model organism or animal",105008086,"UNIVERSITY OF MICHIGAN","Alison Gould",2014,"public","fastq,run.zq,sra","gs,ncbi,s3","gs.us-east1,ncbi.public,s3.us-east-1","not applicable","SRX2772567","Illumina HiSeq 2000","Library4_Ik14-10","SINGLE","PCR","GENOMIC","Siphamia tubifer","ILLUMINA","2017-05-01T00:00:00Z","Ik14-10","not determined","SRP105806","Ik14-10","light organ","2017-05-01T17:34:00Z",1,"Ik",26.3935,127.9886,"Ikei"
"SRR5489728","not collected","OTHER",90,182320740,"PRJNA385011","SAMN06857448","Model organism or animal",151459285,"UNIVERSITY OF MICHIGAN","Alison Gould",2013,"public","fastq,run.zq,sra","gs,ncbi,s3","gs.us-east1,ncbi.public,s3.us-east-1","not applicable","SRX2772568","Illumina HiSeq 2000","Library5_Ik13-36","SINGLE","PCR","GENOMIC","Siphamia tubifer","ILLUMINA","2017-05-01T00:00:00Z","Ik13-36","not determined","SRP105806","Ik13-36","light organ","2017-05-01T17:34:00Z",1,"Ik",26.3935,127.9886,"Ikei"
"SRR5489729","not collected","OTHER",90,145242360,"PRJNA385011","SAMN06857447","Model organism or animal",120540394,"UNIVERSITY OF MICHIGAN","Alison Gould",2013,"public","fastq,run.zq,sra","gs,ncbi,s3","gs.us-east1,ncbi.public,s3.us-east-1","not applicable","SRX2772569","Illumina HiSeq 2000","Library6_Ik13-33","SINGLE","PCR","GENOMIC","Siphamia tubifer","ILLUMINA","2017-05-01T00:00:00Z","Ik13-33","not determined","SRP105806","Ik13-33","light organ","2017-05-01T17:34:00Z",1,"Ik",26.3935,127.9886,"Ikei"
"SRR5489732","not collected","OTHER",90,69649110,"PRJNA385011","SAMN06857444","Model organism or animal",59451051,"UNIVERSITY OF MICHIGAN","Alison Gould",2013,"public","fastq,run.zq,sra","gs,ncbi,s3","gs.us-east1,ncbi.public,s3.us-east-1","not applicable","SRX2772572","Illumina HiSeq 2000","Library6_Ik13-25","SINGLE","PCR","GENOMIC","Siphamia tubifer","ILLUMINA","2017-05-01T00:00:00Z","Ik13-25","not determined","SRP105806","Ik13-25","light organ","2017-05-01T17:34:00Z",1,"Ik",26.3935,127.9886,"Ikei"
"SRR5489733","not collected","OTHER",90,172011510,"PRJNA385011","SAMN06857443","Model organism or animal",142884047,"UNIVERSITY OF MICHIGAN","Alison Gould",2013,"public","fastq,run.zq,sra","gs,ncbi,s3","gs.us-east1,ncbi.public,s3.us-east-1","not applicable","SRX2772573","Illumina HiSeq 2000","Library6_Ik13-12","SINGLE","PCR","GENOMIC","Siphamia tubifer","ILLUMINA","2017-05-01T00:00:00Z","Ik13-12","not determined","SRP105806","Ik13-12","light organ","2017-05-01T17:34:00Z",1,"Ik",26.3935,127.9886,"Ikei"
"SRR5489734","not collected","OTHER",90,163286820,"PRJNA385011","SAMN06857442","Model organism or animal",135389881,"UNIVERSITY OF MICHIGAN","Alison Gould",2013,"public","fastq,run.zq,sra","gs,ncbi,s3","gs.us-east1,ncbi.public,s3.us-east-1","not applicable","SRX2772574","Illumina HiSeq 2000","Library6_Ik13-10","SINGLE","PCR","GENOMIC","Siphamia tubifer","ILLUMINA","2017-05-01T00:00:00Z","Ik13-10","not determined","SRP105806","Ik13-10","light organ","2017-05-01T17:34:00Z",1,"Ik",26.3935,127.9886,"Ikei"
"SRR5489735","not collected","OTHER",90,135998730,"PRJNA385011","SAMN06857441","Model organism or animal",114472403,"UNIVERSITY OF MICHIGAN","Alison Gould",2013,"public","fastq,run.zq,sra","gs,ncbi,s3","gs.us-east1,ncbi.public,s3.us-east-1","not applicable","SRX2772575","Illumina HiSeq 2000","Library5_Ik13-08","SINGLE","PCR","GENOMIC","Siphamia tubifer","ILLUMINA","2017-05-01T00:00:00Z","Ik13-08","not determined","SRP105806","Ik13-08","light organ","2017-05-01T17:34:00Z",1,"Ik",26.3935,127.9886,"Ikei"
"SRR5489742","not collected","OTHER",90,156160890,"PRJNA385011","SAMN06857434","Model organism or animal",130618792,"UNIVERSITY OF MICHIGAN","Alison Gould",2013,"public","fastq,run.zq,sra","gs,ncbi,s3","gs.us-east1,ncbi.public,s3.us-east-1","not applicable","SRX2772582","Illumina HiSeq 2000","Library5_Ik13-01","SINGLE","PCR","GENOMIC","Siphamia tubifer","ILLUMINA","2017-05-01T00:00:00Z","Ik13-01","not determined","SRP105806","Ik13-01","light organ","2017-05-01T17:35:00Z",1,"Ik",26.3935,127.9886,"Ikei"
"SRR5489772","not collected","OTHER",90,182018700,"PRJNA385011","SAMN06857404","Model organism or animal",150632562,"UNIVERSITY OF MICHIGAN","Alison Gould",2013,"public","fastq,run.zq,sra","gs,ncbi,s3","gs.us-east1,ncbi.public,s3.us-east-1","not applicable","SRX2772612","Illumina HiSeq 2000","Library5_H13-06","SINGLE","PCR","GENOMIC","Siphamia tubifer","ILLUMINA","2017-05-01T00:00:00Z","H13-06","not determined","SRP105806","H13-06","light organ","2017-05-01T17:35:00Z",1,"H",26.8488,128.2525,"Hedo"
"SRR5489511","not collected","OTHER",90,208362960,"PRJNA385011","SAMN06857664","Model organism or animal",169999445,"UNIVERSITY OF MICHIGAN","Alison Gould",2013,"public","fastq,run.zq,sra","gs,ncbi,s3","gs.us-east1,ncbi.public,s3.us-east-1","not applicable","SRX2772351","Illumina HiSeq 2000","Library7_Y13-39","SINGLE","PCR","GENOMIC","Siphamia tubifer","ILLUMINA","2017-05-01T00:00:00Z","Y13-39","not determined","SRP105806","Y13-39","light organ","2017-05-01T17:30:00Z",1,"Y",26.203,127.7712,"Yonabaru"
"SRR5489512","not collected","OTHER",90,196440210,"PRJNA385011","SAMN06857663","Model organism or animal",162565431,"UNIVERSITY OF MICHIGAN","Alison Gould",2013,"public","fastq,run.zq,sra","gs,ncbi,s3","gs.us-east1,ncbi.public,s3.us-east-1","not applicable","SRX2772352","Illumina HiSeq 2000","Library5_Y13-37","SINGLE","PCR","GENOMIC","Siphamia tubifer","ILLUMINA","2017-05-01T00:00:00Z","Y13-37","not determined","SRP105806","Y13-37","light organ","2017-05-01T17:30:00Z",1,"Y",26.203,127.7712,"Yonabaru"
"SRR5489513","not collected","OTHER",90,163031040,"PRJNA385011","SAMN06857662","Model organism or animal",135943711,"UNIVERSITY OF MICHIGAN","Alison Gould",2013,"public","fastq,run.zq,sra","gs,ncbi,s3","gs.us-east1,ncbi.public,s3.us-east-1","not applicable","SRX2772353","Illumina HiSeq 2000","Library5_Y13-36","SINGLE","PCR","GENOMIC","Siphamia tubifer","ILLUMINA","2017-05-01T00:00:00Z","Y13-36","not determined","SRP105806","Y13-36","light organ","2017-05-01T17:30:00Z",1,"Y",26.203,127.7712,"Yonabaru"
"SRR5489514","not collected","OTHER",90,183723120,"PRJNA385011","SAMN06857661","Model organism or animal",150852450,"UNIVERSITY OF MICHIGAN","Alison Gould",2013,"public","fastq,run.zq,sra","gs,ncbi,s3","gs.us-east1,ncbi.public,s3.us-east-1","not applicable","SRX2772354","Illumina HiSeq 2000","Library6_Y13-29","SINGLE","PCR","GENOMIC","Siphamia tubifer","ILLUMINA","2017-05-01T00:00:00Z","Y13-29","not determined","SRP105806","Y13-29","light organ","2017-05-01T17:30:00Z",1,"Y",26.203,127.7712,"Yonabaru"
"SRR5489515","not collected","OTHER",90,153179370,"PRJNA385011","SAMN06857660","Model organism or animal",129142372,"UNIVERSITY OF MICHIGAN","Alison Gould",2013,"public","fastq,run.zq,sra","gs,ncbi,s3","gs.us-east1,ncbi.public,s3.us-east-1","not applicable","SRX2772355","Illumina HiSeq 2000","Library5_Y13-27","SINGLE","PCR","GENOMIC","Siphamia tubifer","ILLUMINA","2017-05-01T00:00:00Z","Y13-27","not determined","SRP105806","Y13-27","light organ","2017-05-01T17:30:00Z",1,"Y",26.203,127.7712,"Yonabaru"
"SRR5489516","not collected","OTHER",90,162566280,"PRJNA385011","SAMN06857659","Model organism or animal",135564697,"UNIVERSITY OF MICHIGAN","Alison Gould",2013,"public","fastq,run.zq,sra","gs,ncbi,s3","gs.us-east1,ncbi.public,s3.us-east-1","not applicable","SRX2772356","Illumina HiSeq 2000","Library6_Y13-25","SINGLE","PCR","GENOMIC","Siphamia tubifer","ILLUMINA","2017-05-01T00:00:00Z","Y13-25","not determined","SRP105806","Y13-25","light organ","2017-05-01T17:31:00Z",1,"Y",26.203,127.7712,"Yonabaru"
"SRR5489517","not collected","OTHER",90,143506980,"PRJNA385011","SAMN06857658","Model organism or animal",120314265,"UNIVERSITY OF MICHIGAN","Alison Gould",2013,"public","fastq,run.zq,sra","gs,ncbi,s3","gs.us-east1,ncbi.public,s3.us-east-1","not applicable","SRX2772357","Illumina HiSeq 2000","Library6_Y13-24","SINGLE","PCR","GENOMIC","Siphamia tubifer","ILLUMINA","2017-05-01T00:00:00Z","Y13-24","not determined","SRP105806","Y13-24","light organ","2017-05-01T17:30:00Z",1,"Y",26.203,127.7712,"Yonabaru"
"SRR5489521","not collected","OTHER",90,209031660,"PRJNA385011","SAMN06857654","Model organism or animal",175640441,"UNIVERSITY OF MICHIGAN","Alison Gould",2013,"public","fastq,run.zq,sra","gs,ncbi,s3","gs.us-east1,ncbi.public,s3.us-east-1","not applicable","SRX2772361","Illumina HiSeq 2000","Library7_Y13-16","SINGLE","PCR","GENOMIC","Siphamia tubifer","ILLUMINA","2017-05-01T00:00:00Z","Y13-16","not determined","SRP105806","Y13-16","light organ","2017-05-01T17:30:00Z",1,"Y",26.203,127.7712,"Yonabaru"
"SRR5489525","not collected","OTHER",90,195103440,"PRJNA385011","SAMN06857650","Model organism or animal",163261187,"UNIVERSITY OF MICHIGAN","Alison Gould",2013,"public","fastq,run.zq,sra","gs,ncbi,s3","gs.us-east1,ncbi.public,s3.us-east-1","not applicable","SRX2772365","Illumina HiSeq 2000","Library7_Y13-10","SINGLE","PCR","GENOMIC","Siphamia tubifer","ILLUMINA","2017-05-01T00:00:00Z","Y13-10","not determined","SRP105806","Y13-10","light organ","2017-05-01T17:30:00Z",1,"Y",26.203,127.7712,"Yonabaru"
"SRR5489526","not collected","OTHER",90,194518710,"PRJNA385011","SAMN06857649","Model organism or animal",159253476,"UNIVERSITY OF MICHIGAN","Alison Gould",2013,"public","fastq,run.zq,sra","gs,ncbi,s3","gs.us-east1,ncbi.public,s3.us-east-1","not applicable","SRX2772366","Illumina HiSeq 2000","Library5_Y13-07","SINGLE","PCR","GENOMIC","Siphamia tubifer","ILLUMINA","2017-05-01T00:00:00Z","Y13-07","not determined","SRP105806","Y13-07","light organ","2017-05-01T17:30:00Z",1,"Y",26.203,127.7712,"Yonabaru"
"SRR5489528","not collected","OTHER",90,166623390,"PRJNA385011","SAMN06857647","Model organism or animal",139680405,"UNIVERSITY OF MICHIGAN","Alison Gould",2014,"public","fastq,run.zq,sra","gs,ncbi,s3","gs.us-east1,ncbi.public,s3.us-east-1","not applicable","SRX2772368","Illumina HiSeq 2000","Library3_S14-08","SINGLE","PCR","GENOMIC","Siphamia tubifer","ILLUMINA","2017-05-01T00:00:00Z","S14-08","not determined","SRP105806","S14-08","light organ","2017-05-01T17:31:00Z",1,"S",26.6354,127.8658,"Sesoko"
"SRR5489529","not collected","OTHER",90,184858740,"PRJNA385011","SAMN06857646","Model organism or animal",152827326,"UNIVERSITY OF MICHIGAN","Alison Gould",2014,"public","fastq,run.zq,sra","gs,ncbi,s3","gs.us-east1,ncbi.public,s3.us-east-1","not applicable","SRX2772369","Illumina HiSeq 2000","Library3_S14-06","SINGLE","PCR","GENOMIC","Siphamia tubifer","ILLUMINA","2017-05-01T00:00:00Z","S14-06","not determined","SRP105806","S14-06","light organ","2017-05-01T17:30:00Z",1,"S",26.6354,127.8658,"Sesoko"
"SRR5489530","not collected","OTHER",90,170875080,"PRJNA385011","SAMN06857645","Model organism or animal",132379063,"UNIVERSITY OF MICHIGAN","Alison Gould",2014,"public","fastq,run.zq,sra","gs,ncbi,s3","gs.us-east1,ncbi.public,s3.us-east-1","not applicable","SRX2772370","Illumina HiSeq 2000","Library3_S14-05","SINGLE","PCR","GENOMIC","Siphamia tubifer","ILLUMINA","2017-05-01T00:00:00Z","S14-05","not determined","SRP105806","S14-05","light organ","2017-05-01T17:30:00Z",1,"S",26.6354,127.8658,"Sesoko"
"SRR5489531","not collected","OTHER",90,172638630,"PRJNA385011","SAMN06857644","Model organism or animal",133981692,"UNIVERSITY OF MICHIGAN","Alison Gould",2014,"public","fastq,run.zq,sra","gs,ncbi,s3","gs.us-east1,ncbi.public,s3.us-east-1","not applicable","SRX2772371","Illumina HiSeq 2000","Library3_S14-04","SINGLE","PCR","GENOMIC","Siphamia tubifer","ILLUMINA","2017-05-01T00:00:00Z","S14-04","not determined","SRP105806","S14-04","light organ","2017-05-01T17:30:00Z",1,"S",26.6354,127.8658,"Sesoko"
"SRR5489532","not collected","OTHER",90,217908630,"PRJNA385011","SAMN06857643","Model organism or animal",161713241,"UNIVERSITY OF MICHIGAN","Alison Gould",2014,"public","fastq,run.zq,sra","gs,ncbi,s3","gs.us-east1,ncbi.public,s3.us-east-1","not applicable","SRX2772372","Illumina HiSeq 2000","Library3_S14-03","SINGLE","PCR","GENOMIC","Siphamia tubifer","ILLUMINA","2017-05-01T00:00:00Z","S14-03","not determined","SRP105806","S14-03","light organ","2017-05-01T17:31:00Z",1,"S",26.6354,127.8658,"Sesoko"
"SRR5489533","not collected","OTHER",90,139472010,"PRJNA385011","SAMN06857642","Model organism or animal",110152891,"UNIVERSITY OF MICHIGAN","Alison Gould",2014,"public","fastq,run.zq,sra","gs,ncbi,s3","gs.us-east1,ncbi.public,s3.us-east-1","not applicable","SRX2772373","Illumina HiSeq 2000","Library3_S14-02","SINGLE","PCR","GENOMIC","Siphamia tubifer","ILLUMINA","2017-05-01T00:00:00Z","S14-02","not determined","SRP105806","S14-02","light organ","2017-05-01T17:30:00Z",1,"S",26.6354,127.8658,"Sesoko"
"SRR5489534","not collected","OTHER",90,128889540,"PRJNA385011","SAMN06857641","Model organism or animal",97077703,"UNIVERSITY OF MICHIGAN","Alison Gould",2014,"public","fastq,run.zq,sra","gs,ncbi,s3","gs.us-east1,ncbi.public,s3.us-east-1","not applicable","SRX2772374","Illumina HiSeq 2000","Library4_S14-23","SINGLE","PCR","GENOMIC","Siphamia tubifer","ILLUMINA","2017-05-01T00:00:00Z","S14-23","not determined","SRP105806","S14-23","light organ","2017-05-01T17:31:00Z",1,"S",26.6354,127.8658,"Sesoko"
"SRR5489535","not collected","OTHER",90,86221710,"PRJNA385011","SAMN06857640","Model organism or animal",67747070,"UNIVERSITY OF MICHIGAN","Alison Gould",2014,"public","fastq,run.zq,sra","gs,ncbi,s3","gs.us-east1,ncbi.public,s3.us-east-1","not applicable","SRX2772375","Illumina HiSeq 2000","Library4_S14-22","SINGLE","PCR","GENOMIC","Siphamia tubifer","ILLUMINA","2017-05-01T00:00:00Z","S14-22","not determined","SRP105806","S14-22","light organ","2017-05-01T17:30:00Z",1,"S",26.6354,127.8658,"Sesoko"
"SRR5489536","not collected","OTHER",90,169763310,"PRJNA385011","SAMN06857639","Model organism or animal",132351215,"UNIVERSITY OF MICHIGAN","Alison Gould",2014,"public","fastq,run.zq,sra","gs,ncbi,s3","gs.us-east1,ncbi.public,s3.us-east-1","not applicable","SRX2772376","Illumina HiSeq 2000","Library4_S14-21","SINGLE","PCR","GENOMIC","Siphamia tubifer","ILLUMINA","2017-05-01T00:00:00Z","S14-21","not determined","SRP105806","S14-21","light organ","2017-05-01T17:30:00Z",1,"S",26.6354,127.8658,"Sesoko"
"SRR5489537","not collected","OTHER",90,170035200,"PRJNA385011","SAMN06857638","Model organism or animal",128805534,"UNIVERSITY OF MICHIGAN","Alison Gould",2014,"public","fastq,run.zq,sra","gs,ncbi,s3","gs.us-east1,ncbi.public,s3.us-east-1","not applicable","SRX2772377","Illumina HiSeq 2000","Library4_S14-20","SINGLE","PCR","GENOMIC","Siphamia tubifer","ILLUMINA","2017-05-01T00:00:00Z","S14-20","not determined","SRP105806","S14-20","light organ","2017-05-01T17:31:00Z",1,"S",26.6354,127.8658,"Sesoko"
"SRR5489538","not collected","OTHER",90,181145970,"PRJNA385011","SAMN06857637","Model organism or animal",133176077,"UNIVERSITY OF MICHIGAN","Alison Gould",2014,"public","fastq,run.zq,sra","gs,ncbi,s3","gs.us-east1,ncbi.public,s3.us-east-1","not applicable","SRX2772378","Illumina HiSeq 2000","Library4_S14-19","SINGLE","PCR","GENOMIC","Siphamia tubifer","ILLUMINA","2017-05-01T00:00:00Z","S14-19","not determined","SRP105806","S14-19","light organ","2017-05-01T17:31:00Z",1,"S",26.6354,127.8658,"Sesoko"
"SRR5489539","not collected","OTHER",90,121612410,"PRJNA385011","SAMN06857636","Model organism or animal",96889843,"UNIVERSITY OF MICHIGAN","Alison Gould",2014,"public","fastq,run.zq,sra","gs,ncbi,s3","gs.us-east1,ncbi.public,s3.us-east-1","not applicable","SRX2772379","Illumina HiSeq 2000","Library4_S14-18","SINGLE","PCR","GENOMIC","Siphamia tubifer","ILLUMINA","2017-05-01T00:00:00Z","S14-18","not determined","SRP105806","S14-18","light organ","2017-05-01T17:30:00Z",1,"S",26.6354,127.8658,"Sesoko"
"SRR5489540","not collected","OTHER",90,134840970,"PRJNA385011","SAMN06857635","Model organism or animal",100906778,"UNIVERSITY OF MICHIGAN","Alison Gould",2014,"public","fastq,run.zq,sra","gs,ncbi,s3","gs.us-east1,ncbi.public,s3.us-east-1","not applicable","SRX2772380","Illumina HiSeq 2000","Library4_S14-17","SINGLE","PCR","GENOMIC","Siphamia tubifer","ILLUMINA","2017-05-01T00:00:00Z","S14-17","not determined","SRP105806","S14-17","light organ","2017-05-01T17:31:00Z",1,"S",26.6354,127.8658,"Sesoko"
"SRR5489541","not collected","OTHER",90,157137660,"PRJNA385011","SAMN06857634","Model organism or animal",117856802,"UNIVERSITY OF MICHIGAN","Alison Gould",2014,"public","fastq,run.zq,sra","gs,ncbi,s3","gs.us-east1,ncbi.public,s3.us-east-1","not applicable","SRX2772381","Illumina HiSeq 2000","Library4_S14-16","SINGLE","PCR","GENOMIC","Siphamia tubifer","ILLUMINA","2017-05-01T00:00:00Z","S14-16","not determined","SRP105806","S14-16","light organ","2017-05-01T17:31:00Z",1,"S",26.6354,127.8658,"Sesoko"
"SRR5489542","not collected","OTHER",90,197416260,"PRJNA385011","SAMN06857633","Model organism or animal",147093399,"UNIVERSITY OF MICHIGAN","Alison Gould",2014,"public","fastq,run.zq,sra","gs,ncbi,s3","gs.us-east1,ncbi.public,s3.us-east-1","not applicable","SRX2772382","Illumina HiSeq 2000","Library4_S14-15","SINGLE","PCR","GENOMIC","Siphamia tubifer","ILLUMINA","2017-05-01T00:00:00Z","S14-15","not determined","SRP105806","S14-15","light organ","2017-05-01T17:31:00Z",1,"S",26.6354,127.8658,"Sesoko"
"SRR5489543","not collected","OTHER",90,209292030,"PRJNA385011","SAMN06857632","Model organism or animal",158812498,"UNIVERSITY OF MICHIGAN","Alison Gould",2014,"public","fastq,run.zq,sra","gs,ncbi,s3","gs.us-east1,ncbi.public,s3.us-east-1","not applicable","SRX2772383","Illumina HiSeq 2000","Library4_S14-14","SINGLE","PCR","GENOMIC","Siphamia tubifer","ILLUMINA","2017-05-01T00:00:00Z","S14-14","not determined","SRP105806","S14-14","light organ","2017-05-01T17:31:00Z",1,"S",26.6354,127.8658,"Sesoko"
"SRR5489548","not collected","OTHER",90,147028230,"PRJNA385011","SAMN06857627","Model organism or animal",125223209,"UNIVERSITY OF MICHIGAN","Alison Gould",2013,"public","fastq,run.zq,sra","gs,ncbi,s3","gs.us-east1,ncbi.public,s3.us-east-1","not applicable","SRX2772388","Illumina HiSeq 2000","Library7_S13-24","SINGLE","PCR","GENOMIC","Siphamia tubifer","ILLUMINA","2017-05-01T00:00:00Z","S13-24","not determined","SRP105806","S13-24","light organ","2017-05-01T17:31:00Z",1,"S",26.6354,127.8658,"Sesoko"
"SRR5489552","not collected","OTHER",90,164295810,"PRJNA385011","SAMN06857623","Model organism or animal",136828536,"UNIVERSITY OF MICHIGAN","Alison Gould",2013,"public","fastq,run.zq,sra","gs,ncbi,s3","gs.us-east1,ncbi.public,s3.us-east-1","not applicable","SRX2772392","Illumina HiSeq 2000","Library5_S13-20","SINGLE","PCR","GENOMIC","Siphamia tubifer","ILLUMINA","2017-05-01T00:00:00Z","S13-20","not determined","SRP105806","S13-20","light organ","2017-05-01T17:31:00Z",1,"S",26.6354,127.8658,"Sesoko"
"SRR5489554","not collected","OTHER",90,171517050,"PRJNA385011","SAMN06857621","Model organism or animal",142647139,"UNIVERSITY OF MICHIGAN","Alison Gould",2013,"public","fastq,run.zq,sra","gs,ncbi,s3","gs.us-east1,ncbi.public,s3.us-east-1","not applicable","SRX2772394","Illumina HiSeq 2000","Library5_S13-16","SINGLE","PCR","GENOMIC","Siphamia tubifer","ILLUMINA","2017-05-01T00:00:00Z","S13-16","not determined","SRP105806","S13-16","light organ","2017-05-01T17:31:00Z",1,"S",26.6354,127.8658,"Sesoko"
"SRR5489560","not collected","OTHER",90,172744200,"PRJNA385011","SAMN06857615","Model organism or animal",142462500,"UNIVERSITY OF MICHIGAN","Alison Gould",2013,"public","fastq,run.zq,sra","gs,ncbi,s3","gs.us-east1,ncbi.public,s3.us-east-1","not applicable","SRX2772400","Illumina HiSeq 2000","Library6_S13-08","SINGLE","PCR","GENOMIC","Siphamia tubifer","ILLUMINA","2017-05-01T00:00:00Z","S13-08","not determined","SRP105806","S13-08","light organ","2017-05-01T17:31:00Z",1,"S",26.6354,127.8658,"Sesoko"
"SRR5489562","not collected","OTHER",90,173878650,"PRJNA385011","SAMN06857613","Model organism or animal",144306170,"UNIVERSITY OF MICHIGAN","Alison Gould",2013,"public","fastq,run.zq,sra","gs,ncbi,s3","gs.us-east1,ncbi.public,s3.us-east-1","not applicable","SRX2772402","Illumina HiSeq 2000","Library6_S13-06","SINGLE","PCR","GENOMIC","Siphamia tubifer","ILLUMINA","2017-05-01T00:00:00Z","S13-06","not determined","SRP105806","S13-06","light organ","2017-05-01T17:31:00Z",1,"S",26.6354,127.8658,"Sesoko"
"SRR5489563","not collected","OTHER",90,116080290,"PRJNA385011","SAMN06857612","Model organism or animal",97342334,"UNIVERSITY OF MICHIGAN","Alison Gould",2013,"public","fastq,run.zq,sra","gs,ncbi,s3","gs.us-east1,ncbi.public,s3.us-east-1","not applicable","SRX2772403","Illumina HiSeq 2000","Library6_S13-04","SINGLE","PCR","GENOMIC","Siphamia tubifer","ILLUMINA","2017-05-01T00:00:00Z","S13-04","not determined","SRP105806","S13-04","light organ","2017-05-01T17:31:00Z",1,"S",26.6354,127.8658,"Sesoko"
"SRR5489564","not collected","OTHER",90,141873120,"PRJNA385011","SAMN06857611","Model organism or animal",122334616,"UNIVERSITY OF MICHIGAN","Alison Gould",2013,"public","fastq,run.zq,sra","gs,ncbi,s3","gs.us-east1,ncbi.public,s3.us-east-1","not applicable","SRX2772404","Illumina HiSeq 2000","Library7_S13-03","SINGLE","PCR","GENOMIC","Siphamia tubifer","ILLUMINA","2017-05-01T00:00:00Z","S13-03","not determined","SRP105806","S13-03","light organ","2017-05-01T17:31:00Z",1,"S",26.6354,127.8658,"Sesoko"
"SRR5489565","not collected","OTHER",90,188959770,"PRJNA385011","SAMN06857610","Model organism or animal",159508791,"UNIVERSITY OF MICHIGAN","Alison Gould",2013,"public","fastq,run.zq,sra","gs,ncbi,s3","gs.us-east1,ncbi.public,s3.us-east-1","not applicable","SRX2772405","Illumina HiSeq 2000","Library7_S13-01","SINGLE","PCR","GENOMIC","Siphamia tubifer","ILLUMINA","2017-05-01T00:00:00Z","S13-01","not determined","SRP105806","S13-01","light organ","2017-05-01T17:31:00Z",1,"S",26.6354,127.8658,"Sesoko"
"SRR5489572","not collected","OTHER",90,92359710,"PRJNA385011","SAMN06857603","Model organism or animal",77853858,"UNIVERSITY OF MICHIGAN","Alison Gould",2012,"public","fastq,run.zq,sra","gs,ncbi,s3","gs.us-east1,ncbi.public,s3.us-east-1","not applicable","SRX2772412","Illumina HiSeq 2000","Library6_S12-239","SINGLE","PCR","GENOMIC","Siphamia tubifer","ILLUMINA","2017-05-01T00:00:00Z","S12-239","not determined","SRP105806","S12-239","light organ","2017-05-01T17:31:00Z",1,"S",26.6354,127.8658,"Sesoko"
"SRR5489573","not collected","OTHER",90,112499370,"PRJNA385011","SAMN06857602","Model organism or animal",94530585,"UNIVERSITY OF MICHIGAN","Alison Gould",2012,"public","fastq,run.zq,sra","gs,ncbi,s3","gs.us-east1,ncbi.public,s3.us-east-1","not applicable","SRX2772413","Illumina HiSeq 2000","Library6_S12-236","SINGLE","PCR","GENOMIC","Siphamia tubifer","ILLUMINA","2017-05-01T00:00:00Z","S12-236","not determined","SRP105806","S12-236","light organ","2017-05-01T17:32:00Z",1,"S",26.6354,127.8658,"Sesoko"
"SRR5489576","not collected","OTHER",90,108268380,"PRJNA385011","SAMN06857599","Model organism or animal",92948735,"UNIVERSITY OF MICHIGAN","Alison Gould",2012,"public","fastq,run.zq,sra","gs,ncbi,s3","gs.us-east1,ncbi.public,s3.us-east-1","not applicable","SRX2772416","Illumina HiSeq 2000","Library7_S12-233","SINGLE","PCR","GENOMIC","Siphamia tubifer","ILLUMINA","2017-05-01T00:00:00Z","S12-233","not determined","SRP105806","S12-233","light organ","2017-05-01T17:32:00Z",1,"S",26.6354,127.8658,"Sesoko"
"SRR5489577","not collected","OTHER",90,62453610,"PRJNA385011","SAMN06857598","Model organism or animal",53748753,"UNIVERSITY OF MICHIGAN","Alison Gould",2012,"public","fastq,run.zq,sra","gs,ncbi,s3","gs.us-east1,ncbi.public,s3.us-east-1","not applicable","SRX2772417","Illumina HiSeq 2000","Library5_S12-231","SINGLE","PCR","GENOMIC","Siphamia tubifer","ILLUMINA","2017-05-01T00:00:00Z","S12-231","not determined","SRP105806","S12-231","light organ","2017-05-01T17:31:00Z",1,"S",26.6354,127.8658,"Sesoko"
"SRR5489578","not collected","OTHER",90,153226350,"PRJNA385011","SAMN06857597","Model organism or animal",129031790,"UNIVERSITY OF MICHIGAN","Alison Gould",2012,"public","fastq,run.zq,sra","gs,ncbi,s3","gs.us-east1,ncbi.public,s3.us-east-1","not applicable","SRX2772418","Illumina HiSeq 2000","Library7_S12-230","SINGLE","PCR","GENOMIC","Siphamia tubifer","ILLUMINA","2017-05-01T00:00:00Z","S12-230","not determined","SRP105806","S12-230","light organ","2017-05-01T17:32:00Z",1,"S",26.6354,127.8658,"Sesoko"
"SRR5489579","not collected","OTHER",90,118210500,"PRJNA385011","SAMN06857596","Model organism or animal",99333003,"UNIVERSITY OF MICHIGAN","Alison Gould",2012,"public","fastq,run.zq,sra","gs,ncbi,s3","gs.us-east1,ncbi.public,s3.us-east-1","not applicable","SRX2772419","Illumina HiSeq 2000","Library5_S12-229","SINGLE","PCR","GENOMIC","Siphamia tubifer","ILLUMINA","2017-05-01T00:00:00Z","S12-229","not determined","SRP105806","S12-229","light organ","2017-05-01T17:32:00Z",1,"S",26.6354,127.8658,"Sesoko"
"SRR5489580","not collected","OTHER",90,123243660,"PRJNA385011","SAMN06857595","Model organism or animal",103698125,"UNIVERSITY OF MICHIGAN","Alison Gould",2012,"public","fastq,run.zq,sra","gs,ncbi,s3","gs.us-east1,ncbi.public,s3.us-east-1","not applicable","SRX2772420","Illumina HiSeq 2000","Library5_S12-228","SINGLE","PCR","GENOMIC","Siphamia tubifer","ILLUMINA","2017-05-01T00:00:00Z","S12-228","not determined","SRP105806","S12-228","light organ","2017-05-01T17:32:00Z",1,"S",26.6354,127.8658,"Sesoko"
"SRR5489581","not collected","OTHER",90,114630570,"PRJNA385011","SAMN06857594","Model organism or animal",97324100,"UNIVERSITY OF MICHIGAN","Alison Gould",2012,"public","fastq,run.zq,sra","gs,ncbi,s3","gs.us-east1,ncbi.public,s3.us-east-1","not applicable","SRX2772421","Illumina HiSeq 2000","Library7_S12-227","SINGLE","PCR","GENOMIC","Siphamia tubifer","ILLUMINA","2017-05-01T00:00:00Z","S12-227","not determined","SRP105806","S12-227","light organ","2017-05-01T17:32:00Z",1,"S",26.6354,127.8658,"Sesoko"
"SRR5489582","not collected","OTHER",90,133380090,"PRJNA385011","SAMN06857593","Model organism or animal",110899852,"UNIVERSITY OF MICHIGAN","Alison Gould",2012,"public","fastq,run.zq,sra","gs,ncbi,s3","gs.us-east1,ncbi.public,s3.us-east-1","not applicable","SRX2772422","Illumina HiSeq 2000","Library5_S12-226","SINGLE","PCR","GENOMIC","Siphamia tubifer","ILLUMINA","2017-05-01T00:00:00Z","S12-226","not determined","SRP105806","S12-226","light organ","2017-05-01T17:32:00Z",1,"S",26.6354,127.8658,"Sesoko"
"SRR5489592","not collected","OTHER",90,117092790,"PRJNA385011","SAMN06857583","Model organism or animal",98317475,"UNIVERSITY OF MICHIGAN","Alison Gould",2013,"public","fastq,run.zq,sra","gs,ncbi,s3","gs.us-east1,ncbi.public,s3.us-east-1","not applicable","SRX2772432","Illumina HiSeq 2000","Library6_Ou13-15","SINGLE","PCR","GENOMIC","Siphamia tubifer","ILLUMINA","2017-05-01T00:00:00Z","Ou13-15","not determined","SRP105806","Ou13-15","light organ","2017-05-01T17:32:00Z",1,"Ou",26.128,127.769,"Ou"
"SRR5489601","not collected","OTHER",90,187915410,"PRJNA385011","SAMN06857574","Model organism or animal",134779411,"UNIVERSITY OF MICHIGAN","Alison Gould",2013,"public","fastq,run.zq,sra","gs,ncbi,s3","gs.us-east1,ncbi.public,s3.us-east-1","not applicable","SRX2772441","Illumina HiSeq 2000","Library2_N13-27","SINGLE","PCR","GENOMIC","Siphamia tubifer","ILLUMINA","2017-05-01T00:00:00Z","N13-27","not determined","SRP105806","N13-27","light organ","2017-05-01T17:32:00Z",1,"N",26.6037,127.9324,"Nago"
"SRR5489602","not collected","OTHER",90,125531910,"PRJNA385011","SAMN06857573","Model organism or animal",88495017,"UNIVERSITY OF MICHIGAN","Alison Gould",2013,"public","fastq,run.zq,sra","gs,ncbi,s3","gs.us-east1,ncbi.public,s3.us-east-1","not applicable","SRX2772442","Illumina HiSeq 2000","Library2_N13-23","SINGLE","PCR","GENOMIC","Siphamia tubifer","ILLUMINA","2017-05-01T00:00:00Z","N13-23","not determined","SRP105806","N13-23","light organ","2017-05-01T17:33:00Z",1,"N",26.6037,127.9324,"Nago"
"SRR5489603","not collected","OTHER",90,177383250,"PRJNA385011","SAMN06857572","Model organism or animal",128051795,"UNIVERSITY OF MICHIGAN","Alison Gould",2013,"public","fastq,run.zq,sra","gs,ncbi,s3","gs.us-east1,ncbi.public,s3.us-east-1","not applicable","SRX2772443","Illumina HiSeq 2000","Library2_N13-22","SINGLE","PCR","GENOMIC","Siphamia tubifer","ILLUMINA","2017-05-01T00:00:00Z","N13-22","not determined","SRP105806","N13-22","light organ","2017-05-01T17:32:00Z",1,"N",26.6037,127.9324,"Nago"
"SRR5489604","not collected","OTHER",90,267220800,"PRJNA385011","SAMN06857571","Model organism or animal",189140389,"UNIVERSITY OF MICHIGAN","Alison Gould",2013,"public","fastq,run.zq,sra","gs,ncbi,s3","gs.us-east1,ncbi.public,s3.us-east-1","not applicable","SRX2772444","Illumina HiSeq 2000","Library2_N13-20","SINGLE","PCR","GENOMIC","Siphamia tubifer","ILLUMINA","2017-05-01T00:00:00Z","N13-20","not determined","SRP105806","N13-20","light organ","2017-05-01T17:33:00Z",1,"N",26.6037,127.9324,"Nago"
"SRR5489605","not collected","OTHER",90,130354920,"PRJNA385011","SAMN06857570","Model organism or animal",92383132,"UNIVERSITY OF MICHIGAN","Alison Gould",2013,"public","fastq,run.zq,sra","gs,ncbi,s3","gs.us-east1,ncbi.public,s3.us-east-1","not applicable","SRX2772445","Illumina HiSeq 2000","Library2_N13-18","SINGLE","PCR","GENOMIC","Siphamia tubifer","ILLUMINA","2017-05-01T00:00:00Z","N13-18","not determined","SRP105806","N13-18","light organ","2017-05-01T17:32:00Z",1,"N",26.6037,127.9324,"Nago"
"SRR5489628","not collected","OTHER",90,215672580,"PRJNA385011","SAMN06857547","Model organism or animal",153666839,"UNIVERSITY OF MICHIGAN","Alison Gould",2013,"public","fastq,run.zq,sra","gs,ncbi,s3","gs.us-east1,ncbi.public,s3.us-east-1","not applicable","SRX2772469","Illumina HiSeq 2000","Library2_M13-22","SINGLE","PCR","GENOMIC","Siphamia tubifer","ILLUMINA","2017-05-01T00:00:00Z","M13-22","not determined","SRP105806","M13-22","light organ","2017-05-01T17:33:00Z",1,"M",26.6558,127.8803,"Motobu"
"SRR5489629","not collected","OTHER",90,78064020,"PRJNA385011","SAMN06857546","Model organism or animal",59573047,"UNIVERSITY OF MICHIGAN","Alison Gould",2013,"public","fastq,run.zq,sra","gs,ncbi,s3","gs.us-east1,ncbi.public,s3.us-east-1","not applicable","SRX2772470","Illumina HiSeq 2000","Library2_M13-17","SINGLE","PCR","GENOMIC","Siphamia tubifer","ILLUMINA","2017-05-01T00:00:00Z","M13-17","not determined","SRP105806","M13-17","light organ","2017-05-01T17:32:00Z",1,"M",26.6558,127.8803,"Motobu"
"SRR5489630","not collected","OTHER",90,62845560,"PRJNA385011","SAMN06857545","Model organism or animal",45400426,"UNIVERSITY OF MICHIGAN","Alison Gould",2013,"public","fastq,run.zq,sra","gs,ncbi,s3","gs.us-east1,ncbi.public,s3.us-east-1","not applicable","SRX2772471","Illumina HiSeq 2000","Library2_M13-16","SINGLE","PCR","GENOMIC","Siphamia tubifer","ILLUMINA","2017-05-01T00:00:00Z","M13-16","not determined","SRP105806","M13-16","light organ","2017-05-01T17:33:00Z",1,"M",26.6558,127.8803,"Motobu"
"SRR5489631","not collected","OTHER",90,198494640,"PRJNA385011","SAMN06857544","Model organism or animal",143640300,"UNIVERSITY OF MICHIGAN","Alison Gould",2013,"public","fastq,run.zq,sra","gs,ncbi,s3","gs.us-east1,ncbi.public,s3.us-east-1","not applicable","SRX2772472","Illumina HiSeq 2000","Library2_M13-13","SINGLE","PCR","GENOMIC","Siphamia tubifer","ILLUMINA","2017-05-01T00:00:00Z","M13-13","not determined","SRP105806","M13-13","light organ","2017-05-01T17:33:00Z",1,"M",26.6558,127.8803,"Motobu"
"SRR5489632","not collected","OTHER",90,63990540,"PRJNA385011","SAMN06857543","Model organism or animal",47581130,"UNIVERSITY OF MICHIGAN","Alison Gould",2013,"public","fastq,run.zq,sra","gs,ncbi,s3","gs.us-east1,ncbi.public,s3.us-east-1","not applicable","SRX2772473","Illumina HiSeq 2000","Library2_M13-10","SINGLE","PCR","GENOMIC","Siphamia tubifer","ILLUMINA","2017-05-01T00:00:00Z","M13-10","not determined","SRP105806","M13-10","light organ","2017-05-01T17:32:00Z",1,"M",26.6558,127.8803,"Motobu"
"SRR5489633","not collected","OTHER",90,267161760,"PRJNA385011","SAMN06857542","Model organism or animal",184053121,"UNIVERSITY OF MICHIGAN","Alison Gould",2013,"public","fastq,run.zq,sra","gs,ncbi,s3","gs.us-east1,ncbi.public,s3.us-east-1","not applicable","SRX2772474","Illumina HiSeq 2000","Library2_M13-09","SINGLE","PCR","GENOMIC","Siphamia tubifer","ILLUMINA","2017-05-01T00:00:00Z","M13-09","not determined","SRP105806","M13-09","light organ","2017-05-01T17:33:00Z",1,"M",26.6558,127.8803,"Motobu"
"SRR5489634","not collected","OTHER",90,64382580,"PRJNA385011","SAMN06857541","Model organism or animal",46247729,"UNIVERSITY OF MICHIGAN","Alison Gould",2013,"public","fastq,run.zq,sra","gs,ncbi,s3","gs.us-east1,ncbi.public,s3.us-east-1","not applicable","SRX2772475","Illumina HiSeq 2000","Library2_M13-08","SINGLE","PCR","GENOMIC","Siphamia tubifer","ILLUMINA","2017-05-01T00:00:00Z","M13-08","not determined","SRP105806","M13-08","light organ","2017-05-01T17:32:00Z",1,"M",26.6558,127.8803,"Motobu"
"SRR5489635","not collected","OTHER",90,140870610,"PRJNA385011","SAMN06857540","Model organism or animal",98327066,"UNIVERSITY OF MICHIGAN","Alison Gould",2013,"public","fastq,run.zq,sra","gs,ncbi,s3","gs.us-east1,ncbi.public,s3.us-east-1","not applicable","SRX2772476","Illumina HiSeq 2000","Library2_M13-07","SINGLE","PCR","GENOMIC","Siphamia tubifer","ILLUMINA","2017-05-01T00:00:00Z","M13-07","not determined","SRP105806","M13-07","light organ","2017-05-01T17:33:00Z",1,"M",26.6558,127.8803,"Motobu"
"SRR5489636","not collected","OTHER",90,134023230,"PRJNA385011","SAMN06857539","Model organism or animal",101363749,"UNIVERSITY OF MICHIGAN","Alison Gould",2013,"public","fastq,run.zq,sra","gs,ncbi,s3","gs.us-east1,ncbi.public,s3.us-east-1","not applicable","SRX2772477","Illumina HiSeq 2000","Library2_M13-06","SINGLE","PCR","GENOMIC","Siphamia tubifer","ILLUMINA","2017-05-01T00:00:00Z","M13-06","not determined","SRP105806","M13-06","light organ","2017-05-01T17:33:00Z",1,"M",26.6558,127.8803,"Motobu"
"SRR5489637","not collected","OTHER",90,68925960,"PRJNA385011","SAMN06857538","Model organism or animal",49332931,"UNIVERSITY OF MICHIGAN","Alison Gould",2013,"public","fastq,run.zq,sra","gs,ncbi,s3","gs.us-east1,ncbi.public,s3.us-east-1","not applicable","SRX2772478","Illumina HiSeq 2000","Library2_M13-04","SINGLE","PCR","GENOMIC","Siphamia tubifer","ILLUMINA","2017-05-01T00:00:00Z","M13-04","not determined","SRP105806","M13-04","light organ","2017-05-01T17:32:00Z",1,"M",26.6558,127.8803,"Motobu"
"SRR5489638","not collected","OTHER",90,80255250,"PRJNA385011","SAMN06857537","Model organism or animal",58838395,"UNIVERSITY OF MICHIGAN","Alison Gould",2013,"public","fastq,run.zq,sra","gs,ncbi,s3","gs.us-east1,ncbi.public,s3.us-east-1","not applicable","SRX2772479","Illumina HiSeq 2000","Library2_M13-03","SINGLE","PCR","GENOMIC","Siphamia tubifer","ILLUMINA","2017-05-01T00:00:00Z","M13-03","not determined","SRP105806","M13-03","light organ","2017-05-01T17:33:00Z",1,"M",26.6558,127.8803,"Motobu"
"SRR5489639","not collected","OTHER",90,72954720,"PRJNA385011","SAMN06857536","Model organism or animal",52596279,"UNIVERSITY OF MICHIGAN","Alison Gould",2013,"public","fastq,run.zq,sra","gs,ncbi,s3","gs.us-east1,ncbi.public,s3.us-east-1","not applicable","SRX2772480","Illumina HiSeq 2000","Library2_M13-01","SINGLE","PCR","GENOMIC","Siphamia tubifer","ILLUMINA","2017-05-01T00:00:00Z","M13-01","not determined","SRP105806","M13-01","light organ","2017-05-01T17:33:00Z",1,"M",26.6558,127.8803,"Motobu"
"SRR5489641","not collected","OTHER",90,118846710,"PRJNA385011","SAMN06857534","Model organism or animal",89660081,"UNIVERSITY OF MICHIGAN","Alison Gould",2014,"public","fastq,run.zq,sra","gs,ncbi,s3","gs.us-east1,ncbi.public,s3.us-east-1","not applicable","SRX2772482","Illumina HiSeq 2000","Library3_Ku14-08","SINGLE","PCR","GENOMIC","Siphamia tubifer","ILLUMINA","2017-05-01T00:00:00Z","Ku14-08","not determined","SRP105806","Ku14-08","light organ","2017-05-01T17:33:00Z",1,"Ku",26.3516,126.8201,"Kume"
"SRR5489642","not collected","OTHER",90,141627240,"PRJNA385011","SAMN06857533","Model organism or animal",109149146,"UNIVERSITY OF MICHIGAN","Alison Gould",2014,"public","fastq,run.zq,sra","gs,ncbi,s3","gs.us-east1,ncbi.public,s3.us-east-1","not applicable","SRX2772483","Illumina HiSeq 2000","Library3_Ku14-07","SINGLE","PCR","GENOMIC","Siphamia tubifer","ILLUMINA","2017-05-01T00:00:00Z","Ku14-07","not determined","SRP105806","Ku14-07","light organ","2017-05-01T17:33:00Z",1,"Ku",26.3516,126.8201,"Kume"
"SRR5489643","not collected","OTHER",90,92811330,"PRJNA385011","SAMN06857532","Model organism or animal",70456659,"UNIVERSITY OF MICHIGAN","Alison Gould",2014,"public","fastq,run.zq,sra","gs,ncbi,s3","gs.us-east1,ncbi.public,s3.us-east-1","not applicable","SRX2772484","Illumina HiSeq 2000","Library3_Ku14-05","SINGLE","PCR","GENOMIC","Siphamia tubifer","ILLUMINA","2017-05-01T00:00:00Z","Ku14-05","not determined","SRP105806","Ku14-05","light organ","2017-05-01T17:33:00Z",1,"Ku",26.3516,126.8201,"Kume"
"SRR5489644","not collected","OTHER",90,110641770,"PRJNA385011","SAMN06857531","Model organism or animal",83976775,"UNIVERSITY OF MICHIGAN","Alison Gould",2014,"public","fastq,run.zq,sra","gs,ncbi,s3","gs.us-east1,ncbi.public,s3.us-east-1","not applicable","SRX2772485","Illumina HiSeq 2000","Library3_Ku14-04","SINGLE","PCR","GENOMIC","Siphamia tubifer","ILLUMINA","2017-05-01T00:00:00Z","Ku14-04","not determined","SRP105806","Ku14-04","light organ","2017-05-01T17:33:00Z",1,"Ku",26.3516,126.8201,"Kume"
"SRR5489645","not collected","OTHER",90,168923520,"PRJNA385011","SAMN06857530","Model organism or animal",131928916,"UNIVERSITY OF MICHIGAN","Alison Gould",2014,"public","fastq,run.zq","gs,ncbi,s3","gs.us-east1,ncbi.public,s3.us-east-1","not applicable","SRX2772486","Illumina HiSeq 2000","Library3_Ku14-03","SINGLE","PCR","GENOMIC","Siphamia tubifer","ILLUMINA","2017-05-01T00:00:00Z","Ku14-03","not determined","SRP105806","Ku14-03","light organ","",NA,"Ku",26.3516,126.8201,"Kume"
"SRR5489646","not collected","OTHER",90,65592810,"PRJNA385011","SAMN06857529","Model organism or animal",49750153,"UNIVERSITY OF MICHIGAN","Alison Gould",2014,"public","fastq,run.zq,sra","gs,ncbi,s3","gs.us-east1,ncbi.public,s3.us-east-1","not applicable","SRX2772487","Illumina HiSeq 2000","Library4_Ku14-27","SINGLE","PCR","GENOMIC","Siphamia tubifer","ILLUMINA","2017-05-01T00:00:00Z","Ku14-27","not determined","SRP105806","Ku14-27","light organ","2017-05-01T17:33:00Z",1,"Ku",26.3516,126.8201,"Kume"
"SRR5489647","not collected","OTHER",90,112100760,"PRJNA385011","SAMN06857528","Model organism or animal",90319397,"UNIVERSITY OF MICHIGAN","Alison Gould",2014,"public","fastq,run.zq,sra","gs,ncbi,s3","gs.us-east1,ncbi.public,s3.us-east-1","not applicable","SRX2772488","Illumina HiSeq 2000","Library4_Ku14-26","SINGLE","PCR","GENOMIC","Siphamia tubifer","ILLUMINA","2017-05-01T00:00:00Z","Ku14-26","not determined","SRP105806","Ku14-26","light organ","2017-05-01T17:33:00Z",1,"Ku",26.3516,126.8201,"Kume"
"SRR5489648","not collected","OTHER",90,61282170,"PRJNA385011","SAMN06857527","Model organism or animal",46997044,"UNIVERSITY OF MICHIGAN","Alison Gould",2014,"public","fastq,run.zq,sra","gs,ncbi,s3","gs.us-east1,ncbi.public,s3.us-east-1","not applicable","SRX2772489","Illumina HiSeq 2000","Library4_Ku14-25","SINGLE","PCR","GENOMIC","Siphamia tubifer","ILLUMINA","2017-05-01T00:00:00Z","Ku14-25","not determined","SRP105806","Ku14-25","light organ","2017-05-01T17:33:00Z",1,"Ku",26.3516,126.8201,"Kume"
"SRR5489649","not collected","OTHER",90,190514070,"PRJNA385011","SAMN06857526","Model organism or animal",140785342,"UNIVERSITY OF MICHIGAN","Alison Gould",2014,"public","fastq,run.zq,sra","gs,ncbi,s3","gs.us-east1,ncbi.public,s3.us-east-1","not applicable","SRX2772490","Illumina HiSeq 2000","Library4_Ku14-24","SINGLE","PCR","GENOMIC","Siphamia tubifer","ILLUMINA","2017-05-01T00:00:00Z","Ku14-24","not determined","SRP105806","Ku14-24","light organ","2017-05-01T17:33:00Z",1,"Ku",26.3516,126.8201,"Kume"
"SRR5489650","not collected","OTHER",90,156293910,"PRJNA385011","SAMN06857525","Model organism or animal",121897669,"UNIVERSITY OF MICHIGAN","Alison Gould",2014,"public","fastq,run.zq,sra","gs,ncbi,s3","gs.us-east1,ncbi.public,s3.us-east-1","not applicable","SRX2772491","Illumina HiSeq 2000","Library4_Ku14-23","SINGLE","PCR","GENOMIC","Siphamia tubifer","ILLUMINA","2017-05-01T00:00:00Z","Ku14-23","not determined","SRP105806","Ku14-23","light organ","2017-05-01T17:33:00Z",1,"Ku",26.3516,126.8201,"Kume"
"SRR5489651","not collected","OTHER",90,178488360,"PRJNA385011","SAMN06857524","Model organism or animal",135516795,"UNIVERSITY OF MICHIGAN","Alison Gould",2014,"public","fastq,run.zq,sra","gs,ncbi,s3","gs.us-east1,ncbi.public,s3.us-east-1","not applicable","SRX2772492","Illumina HiSeq 2000","Library4_Ku14-22","SINGLE","PCR","GENOMIC","Siphamia tubifer","ILLUMINA","2017-05-01T00:00:00Z","Ku14-22","not determined","SRP105806","Ku14-22","light organ","2017-05-01T17:34:00Z",1,"Ku",26.3516,126.8201,"Kume"
"SRR5489652","not collected","OTHER",90,81218340,"PRJNA385011","SAMN06857523","Model organism or animal",63838763,"UNIVERSITY OF MICHIGAN","Alison Gould",2014,"public","fastq,run.zq,sra","gs,ncbi,s3","gs.us-east1,ncbi.public,s3.us-east-1","not applicable","SRX2772493","Illumina HiSeq 2000","Library4_Ku14-20","SINGLE","PCR","GENOMIC","Siphamia tubifer","ILLUMINA","2017-05-01T00:00:00Z","Ku14-20","not determined","SRP105806","Ku14-20","light organ","2017-05-01T17:33:00Z",1,"Ku",26.3516,126.8201,"Kume"
"SRR5489653","not collected","OTHER",90,214693560,"PRJNA385011","SAMN06857522","Model organism or animal",158260837,"UNIVERSITY OF MICHIGAN","Alison Gould",2014,"public","fastq,run.zq,sra","gs,ncbi,s3","gs.us-east1,ncbi.public,s3.us-east-1","not applicable","SRX2772494","Illumina HiSeq 2000","Library3_Ku14-01","SINGLE","PCR","GENOMIC","Siphamia tubifer","ILLUMINA","2017-05-01T00:00:00Z","Ku14-01","not determined","SRP105806","Ku14-01","light organ","2017-05-01T17:33:00Z",1,"Ku",26.3516,126.8201,"Kume"
"SRR5489654","not collected","OTHER",90,355626090,"PRJNA385011","SAMN06857521","Model organism or animal",265751732,"UNIVERSITY OF MICHIGAN","Alison Gould",2014,"public","fastq,run.zq,sra","gs,ncbi,s3","gs.us-east1,ncbi.public,s3.us-east-1","not applicable","SRX2772495","Illumina HiSeq 2000","Library4_Ku14-19","SINGLE","PCR","GENOMIC","Siphamia tubifer","ILLUMINA","2017-05-01T00:00:00Z","Ku14-19","not determined","SRP105806","Ku14-19","light organ","2017-05-01T17:34:00Z",1,"Ku",26.3516,126.8201,"Kume"
"SRR5489655","not collected","OTHER",90,146988000,"PRJNA385011","SAMN06857520","Model organism or animal",112578544,"UNIVERSITY OF MICHIGAN","Alison Gould",2014,"public","fastq,run.zq,sra","gs,ncbi,s3","gs.us-east1,ncbi.public,s3.us-east-1","not applicable","SRX2772496","Illumina HiSeq 2000","Library4_Ku14-18","SINGLE","PCR","GENOMIC","Siphamia tubifer","ILLUMINA","2017-05-01T00:00:00Z","Ku14-18","not determined","SRP105806","Ku14-18","light organ","2017-05-01T17:33:00Z",1,"Ku",26.3516,126.8201,"Kume"
"SRR5489656","not collected","OTHER",90,110862810,"PRJNA385011","SAMN06857519","Model organism or animal",82970936,"UNIVERSITY OF MICHIGAN","Alison Gould",2014,"public","fastq,run.zq,sra","gs,ncbi,s3","gs.us-east1,ncbi.public,s3.us-east-1","not applicable","SRX2772497","Illumina HiSeq 2000","Library4_Ku14-17","SINGLE","PCR","GENOMIC","Siphamia tubifer","ILLUMINA","2017-05-01T00:00:00Z","Ku14-17","not determined","SRP105806","Ku14-17","light organ","2017-05-01T17:33:00Z",1,"Ku",26.3516,126.8201,"Kume"
"SRR5489657","not collected","OTHER",90,219191490,"PRJNA385011","SAMN06857518","Model organism or animal",162327468,"UNIVERSITY OF MICHIGAN","Alison Gould",2014,"public","fastq,run.zq,sra","gs,ncbi,s3","gs.us-east1,ncbi.public,s3.us-east-1","not applicable","SRX2772498","Illumina HiSeq 2000","Library4_Ku14-16","SINGLE","PCR","GENOMIC","Siphamia tubifer","ILLUMINA","2017-05-01T00:00:00Z","Ku14-16","not determined","SRP105806","Ku14-16","light organ","2017-05-01T17:34:00Z",1,"Ku",26.3516,126.8201,"Kume"
"SRR5489658","not collected","OTHER",90,111708090,"PRJNA385011","SAMN06857517","Model organism or animal",88130066,"UNIVERSITY OF MICHIGAN","Alison Gould",2014,"public","fastq,run.zq,sra","gs,ncbi,s3","gs.us-east1,ncbi.public,s3.us-east-1","not applicable","SRX2772499","Illumina HiSeq 2000","Library4_Ku14-15","SINGLE","PCR","GENOMIC","Siphamia tubifer","ILLUMINA","2017-05-01T00:00:00Z","Ku14-15","not determined","SRP105806","Ku14-15","light organ","2017-05-01T17:33:00Z",1,"Ku",26.3516,126.8201,"Kume"
"SRR5489659","not collected","OTHER",90,224368650,"PRJNA385011","SAMN06857516","Model organism or animal",164655990,"UNIVERSITY OF MICHIGAN","Alison Gould",2014,"public","fastq,run.zq,sra","gs,ncbi,s3","gs.us-east1,ncbi.public,s3.us-east-1","not applicable","SRX2772500","Illumina HiSeq 2000","Library4_Ku14-14","SINGLE","PCR","GENOMIC","Siphamia tubifer","ILLUMINA","2017-05-01T00:00:00Z","Ku14-14","not determined","SRP105806","Ku14-14","light organ","2017-05-01T17:34:00Z",1,"Ku",26.3516,126.8201,"Kume"
"SRR5489660","not collected","OTHER",90,164661840,"PRJNA385011","SAMN06857515","Model organism or animal",122278575,"UNIVERSITY OF MICHIGAN","Alison Gould",2014,"public","fastq,run.zq,sra","gs,ncbi,s3","gs.us-east1,ncbi.public,s3.us-east-1","not applicable","SRX2772501","Illumina HiSeq 2000","Library3_Ku14-13","SINGLE","PCR","GENOMIC","Siphamia tubifer","ILLUMINA","2017-05-01T00:00:00Z","Ku14-13","not determined","SRP105806","Ku14-13","light organ","2017-05-01T17:33:00Z",1,"Ku",26.3516,126.8201,"Kume"
"SRR5489661","not collected","OTHER",90,176029470,"PRJNA385011","SAMN06857514","Model organism or animal",139500412,"UNIVERSITY OF MICHIGAN","Alison Gould",2014,"public","fastq,run.zq,sra","gs,ncbi,s3","gs.us-east1,ncbi.public,s3.us-east-1","not applicable","SRX2772502","Illumina HiSeq 2000","Library3_Ku14-12","SINGLE","PCR","GENOMIC","Siphamia tubifer","ILLUMINA","2017-05-01T00:00:00Z","Ku14-12","not determined","SRP105806","Ku14-12","light organ","2017-05-01T17:33:00Z",1,"Ku",26.3516,126.8201,"Kume"
"SRR5489662","not collected","OTHER",90,83544210,"PRJNA385011","SAMN06857513","Model organism or animal",62836139,"UNIVERSITY OF MICHIGAN","Alison Gould",2014,"public","fastq,run.zq,sra","gs,ncbi,s3","gs.us-east1,ncbi.public,s3.us-east-1","not applicable","SRX2772503","Illumina HiSeq 2000","Library3_Ku14-11","SINGLE","PCR","GENOMIC","Siphamia tubifer","ILLUMINA","2017-05-01T00:00:00Z","Ku14-11","not determined","SRP105806","Ku14-11","light organ","2017-05-01T17:33:00Z",1,"Ku",26.3516,126.8201,"Kume"
"SRR5489663","not collected","OTHER",90,182915640,"PRJNA385011","SAMN06857512","Model organism or animal",144013350,"UNIVERSITY OF MICHIGAN","Alison Gould",2014,"public","fastq,run.zq,sra","gs,ncbi,s3","gs.us-east1,ncbi.public,s3.us-east-1","not applicable","SRX2772504","Illumina HiSeq 2000","Library3_Ku14-10","SINGLE","PCR","GENOMIC","Siphamia tubifer","ILLUMINA","2017-05-01T00:00:00Z","Ku14-10","not determined","SRP105806","Ku14-10","light organ","2017-05-01T17:34:00Z",1,"Ku",26.3516,126.8201,"Kume"
"SRR5489664","not collected","OTHER",90,176465250,"PRJNA385011","SAMN06857511","Model organism or animal",129116755,"UNIVERSITY OF MICHIGAN","Alison Gould",2014,"public","fastq,run.zq,sra","gs,ncbi,s3","gs.us-east1,ncbi.public,s3.us-east-1","not applicable","SRX2772505","Illumina HiSeq 2000","Library4_ItH14-09","SINGLE","PCR","GENOMIC","Siphamia tubifer","ILLUMINA","2017-05-01T00:00:00Z","ItH14-09","not determined","SRP105806","ItH14-09","light organ","2017-05-01T17:33:00Z",1,"ItH",26.0952,127.6585,"Itoman"
"SRR5489665","not collected","OTHER",90,159166710,"PRJNA385011","SAMN06857510","Model organism or animal",116716414,"UNIVERSITY OF MICHIGAN","Alison Gould",2014,"public","fastq,run.zq,sra","gs,ncbi,s3","gs.us-east1,ncbi.public,s3.us-east-1","not applicable","SRX2772506","Illumina HiSeq 2000","Library4_ItH14-08","SINGLE","PCR","GENOMIC","Siphamia tubifer","ILLUMINA","2017-05-01T00:00:00Z","ItH14-08","not determined","SRP105806","ItH14-08","light organ","2017-05-01T17:33:00Z",1,"ItH",26.0952,127.6585,"Itoman"
"SRR5489666","not collected","OTHER",90,118042830,"PRJNA385011","SAMN06857509","Model organism or animal",86400091,"UNIVERSITY OF MICHIGAN","Alison Gould",2014,"public","fastq,run.zq,sra","gs,ncbi,s3","gs.us-east1,ncbi.public,s3.us-east-1","not applicable","SRX2772507","Illumina HiSeq 2000","Library4_ItH14-05","SINGLE","PCR","GENOMIC","Siphamia tubifer","ILLUMINA","2017-05-01T00:00:00Z","ItH14-05","not determined","SRP105806","ItH14-05","light organ","2017-05-01T17:33:00Z",1,"ItH",26.0952,127.6585,"Itoman"
"SRR5489667","not collected","OTHER",90,145844370,"PRJNA385011","SAMN06857508","Model organism or animal",109826880,"UNIVERSITY OF MICHIGAN","Alison Gould",2014,"public","fastq,run.zq,sra","gs,ncbi,s3","gs.us-east1,ncbi.public,s3.us-east-1","not applicable","SRX2772508","Illumina HiSeq 2000","Library4_ItH14-04","SINGLE","PCR","GENOMIC","Siphamia tubifer","ILLUMINA","2017-05-01T00:00:00Z","ItH14-04","not determined","SRP105806","ItH14-04","light organ","2017-05-01T17:33:00Z",1,"ItH",26.0952,127.6585,"Itoman"
"SRR5489668","not collected","OTHER",90,168150420,"PRJNA385011","SAMN06857507","Model organism or animal",123217744,"UNIVERSITY OF MICHIGAN","Alison Gould",2014,"public","fastq,run.zq,sra","gs,ncbi,s3","gs.us-east1,ncbi.public,s3.us-east-1","not applicable","SRX2772509","Illumina HiSeq 2000","Library4_ItH14-03","SINGLE","PCR","GENOMIC","Siphamia tubifer","ILLUMINA","2017-05-01T00:00:00Z","ItH14-03","not determined","SRP105806","ItH14-03","light organ","2017-05-01T17:33:00Z",1,"ItH",26.0952,127.6585,"Itoman"
"SRR5489669","not collected","OTHER",90,100675980,"PRJNA385011","SAMN06857506","Model organism or animal",75993418,"UNIVERSITY OF MICHIGAN","Alison Gould",2014,"public","fastq,run.zq,sra","gs,ncbi,s3","gs.us-east1,ncbi.public,s3.us-east-1","not applicable","SRX2772510","Illumina HiSeq 2000","Library3_ItH14-30","SINGLE","PCR","GENOMIC","Siphamia tubifer","ILLUMINA","2017-05-01T00:00:00Z","ItH14-30","not determined","SRP105806","ItH14-30","light organ","2017-05-01T17:33:00Z",1,"ItH",26.0952,127.6585,"Itoman"
"SRR5489670","not collected","OTHER",90,153279900,"PRJNA385011","SAMN06857505","Model organism or animal",119229557,"UNIVERSITY OF MICHIGAN","Alison Gould",2014,"public","fastq,run.zq,sra","gs,ncbi,s3","gs.us-east1,ncbi.public,s3.us-east-1","not applicable","SRX2772511","Illumina HiSeq 2000","Library4_ItH14-02","SINGLE","PCR","GENOMIC","Siphamia tubifer","ILLUMINA","2017-05-01T00:00:00Z","ItH14-02","not determined","SRP105806","ItH14-02","light organ","2017-05-01T17:33:00Z",1,"ItH",26.0952,127.6585,"Itoman"
"SRR5489671","not collected","OTHER",90,134178390,"PRJNA385011","SAMN06857504","Model organism or animal",103027779,"UNIVERSITY OF MICHIGAN","Alison Gould",2014,"public","fastq,run.zq,sra","gs,ncbi,s3","gs.us-east1,ncbi.public,s3.us-east-1","not applicable","SRX2772512","Illumina HiSeq 2000","Library3_ItH14-29","SINGLE","PCR","GENOMIC","Siphamia tubifer","ILLUMINA","2017-05-01T00:00:00Z","ItH14-29","not determined","SRP105806","ItH14-29","light organ","2017-05-01T17:34:00Z",1,"ItH",26.0952,127.6585,"Itoman"
"SRR5489672","not collected","OTHER",90,187980210,"PRJNA385011","SAMN06857503","Model organism or animal",137376044,"UNIVERSITY OF MICHIGAN","Alison Gould",2014,"public","fastq,run.zq,sra","gs,ncbi,s3","gs.us-east1,ncbi.public,s3.us-east-1","not applicable","SRX2772513","Illumina HiSeq 2000","Library3_ItH14-28","SINGLE","PCR","GENOMIC","Siphamia tubifer","ILLUMINA","2017-05-01T00:00:00Z","ItH14-28","not determined","SRP105806","ItH14-28","light organ","2017-05-01T17:34:00Z",1,"ItH",26.0952,127.6585,"Itoman"
"SRR5489673","not collected","OTHER",90,154294650,"PRJNA385011","SAMN06857502","Model organism or animal",114300778,"UNIVERSITY OF MICHIGAN","Alison Gould",2014,"public","fastq,run.zq,sra","gs,ncbi,s3","gs.us-east1,ncbi.public,s3.us-east-1","not applicable","SRX2772514","Illumina HiSeq 2000","Library3_ItH14-27","SINGLE","PCR","GENOMIC","Siphamia tubifer","ILLUMINA","2017-05-01T00:00:00Z","ItH14-27","not determined","SRP105806","ItH14-27","light organ","2017-05-01T17:34:00Z",1,"ItH",26.0952,127.6585,"Itoman"
"SRR5489674","not collected","OTHER",90,144379620,"PRJNA385011","SAMN06857501","Model organism or animal",106351890,"UNIVERSITY OF MICHIGAN","Alison Gould",2014,"public","fastq,run.zq,sra","gs,ncbi,s3","gs.us-east1,ncbi.public,s3.us-east-1","not applicable","SRX2772515","Illumina HiSeq 2000","Library3_ItH14-26","SINGLE","PCR","GENOMIC","Siphamia tubifer","ILLUMINA","2017-05-01T00:00:00Z","ItH14-26","not determined","SRP105806","ItH14-26","light organ","2017-05-01T17:34:00Z",1,"ItH",26.0952,127.6585,"Itoman"
"SRR5489675","not collected","OTHER",90,207644490,"PRJNA385011","SAMN06857500","Model organism or animal",151998917,"UNIVERSITY OF MICHIGAN","Alison Gould",2014,"public","fastq,run.zq,sra","gs,ncbi,s3","gs.us-east1,ncbi.public,s3.us-east-1","not applicable","SRX2772516","Illumina HiSeq 2000","Library3_ItH14-25","SINGLE","PCR","GENOMIC","Siphamia tubifer","ILLUMINA","2017-05-01T00:00:00Z","ItH14-25","not determined","SRP105806","ItH14-25","light organ","2017-05-01T17:34:00Z",1,"ItH",26.0952,127.6585,"Itoman"
"SRR5489676","not collected","OTHER",90,139485060,"PRJNA385011","SAMN06857499","Model organism or animal",106928989,"UNIVERSITY OF MICHIGAN","Alison Gould",2014,"public","fastq,run.zq,sra","gs,ncbi,s3","gs.us-east1,ncbi.public,s3.us-east-1","not applicable","SRX2772517","Illumina HiSeq 2000","Library3_ItH14-24","SINGLE","PCR","GENOMIC","Siphamia tubifer","ILLUMINA","2017-05-01T00:00:00Z","ItH14-24","not determined","SRP105806","ItH14-24","light organ","2017-05-01T17:33:00Z",1,"ItH",26.0952,127.6585,"Itoman"
"SRR5489689","not collected","OTHER",90,145063170,"PRJNA385011","SAMN06857487","Model organism or animal",105873739,"UNIVERSITY OF MICHIGAN","Alison Gould",2014,"public","fastq,run.zq,sra","gs,ncbi,s3","gs.us-east1,ncbi.public,s3.us-east-1","not applicable","SRX2772529","Illumina HiSeq 2000","Library4_ItH14-13","SINGLE","PCR","GENOMIC","Siphamia tubifer","ILLUMINA","2017-05-01T00:00:00Z","ItH14-13","not determined","SRP105806","ItH14-13","light organ","2017-05-01T17:34:00Z",1,"ItH",26.0952,127.6585,"Itoman"
"SRR5489695","not collected","OTHER",90,205224210,"PRJNA385011","SAMN06857481","Model organism or animal",170406182,"UNIVERSITY OF MICHIGAN","Alison Gould",2013,"public","fastq,run.zq,sra","gs,ncbi,s3","gs.us-east1,ncbi.public,s3.us-east-1","not applicable","SRX2772535","Illumina HiSeq 2000","Library6_ItH13-28","SINGLE","PCR","GENOMIC","Siphamia tubifer","ILLUMINA","2017-05-01T00:00:00Z","ItH13-28","not determined","SRP105806","ItH13-28","light organ","2017-05-01T17:34:00Z",1,"ItH",26.0952,127.6585,"Itoman"
"SRR5489696","not collected","OTHER",90,187401600,"PRJNA385011","SAMN06857480","Model organism or animal",154721998,"UNIVERSITY OF MICHIGAN","Alison Gould",2013,"public","fastq,run.zq,sra","gs,ncbi,s3","gs.us-east1,ncbi.public,s3.us-east-1","not applicable","SRX2772536","Illumina HiSeq 2000","Library5_ItH13-23","SINGLE","PCR","GENOMIC","Siphamia tubifer","ILLUMINA","2017-05-01T00:00:00Z","ItH13-23","not determined","SRP105806","ItH13-23","light organ","2017-05-01T17:34:00Z",1,"ItH",26.0952,127.6585,"Itoman"
"SRR5489697","not collected","OTHER",90,85689000,"PRJNA385011","SAMN06857479","Model organism or animal",74394749,"UNIVERSITY OF MICHIGAN","Alison Gould",2013,"public","fastq,run.zq,sra","gs,ncbi,s3","gs.us-east1,ncbi.public,s3.us-east-1","not applicable","SRX2772537","Illumina HiSeq 2000","Library7_ItH13-22","SINGLE","PCR","GENOMIC","Siphamia tubifer","ILLUMINA","2017-05-01T00:00:00Z","ItH13-22","not determined","SRP105806","ItH13-22","light organ","2017-05-01T17:34:00Z",1,"ItH",26.0952,127.6585,"Itoman"
"SRR5489698","not collected","OTHER",90,192418020,"PRJNA385011","SAMN06857478","Model organism or animal",159803384,"UNIVERSITY OF MICHIGAN","Alison Gould",2013,"public","fastq,run.zq,sra","gs,ncbi,s3","gs.us-east1,ncbi.public,s3.us-east-1","not applicable","SRX2772538","Illumina HiSeq 2000","Library6_ItH13-21","SINGLE","PCR","GENOMIC","Siphamia tubifer","ILLUMINA","2017-05-01T00:00:00Z","ItH13-21","not determined","SRP105806","ItH13-21","light organ","2017-05-01T17:34:00Z",1,"ItH",26.0952,127.6585,"Itoman"
"SRR5489699","not collected","OTHER",90,186486660,"PRJNA385011","SAMN06857477","Model organism or animal",158521933,"UNIVERSITY OF MICHIGAN","Alison Gould",2013,"public","fastq,run.zq,sra","gs,ncbi,s3","gs.us-east1,ncbi.public,s3.us-east-1","not applicable","SRX2772539","Illumina HiSeq 2000","Library7_ItH13-19","SINGLE","PCR","GENOMIC","Siphamia tubifer","ILLUMINA","2017-05-01T00:00:00Z","ItH13-19","not determined","SRP105806","ItH13-19","light organ","2017-05-01T17:34:00Z",1,"ItH",26.0952,127.6585,"Itoman"
"SRR5489700","not collected","OTHER",90,146437740,"PRJNA385011","SAMN06857476","Model organism or animal",121499181,"UNIVERSITY OF MICHIGAN","Alison Gould",2013,"public","fastq,run.zq,sra","gs,ncbi,s3","gs.us-east1,ncbi.public,s3.us-east-1","not applicable","SRX2772540","Illumina HiSeq 2000","Library6_ItH13-16","SINGLE","PCR","GENOMIC","Siphamia tubifer","ILLUMINA","2017-05-01T00:00:00Z","ItH13-16","not determined","SRP105806","ItH13-16","light organ","2017-05-01T17:34:00Z",1,"ItH",26.0952,127.6585,"Itoman"
"SRR5489702","not collected","OTHER",90,144833130,"PRJNA385011","SAMN06857474","Model organism or animal",120619611,"UNIVERSITY OF MICHIGAN","Alison Gould",2013,"public","fastq,run.zq,sra","gs,ncbi,s3","gs.us-east1,ncbi.public,s3.us-east-1","not applicable","SRX2772542","Illumina HiSeq 2000","Library6_ItH13-09","SINGLE","PCR","GENOMIC","Siphamia tubifer","ILLUMINA","2017-05-01T00:00:00Z","ItH13-09","not determined","SRP105806","ItH13-09","light organ","2017-05-01T17:34:00Z",1,"ItH",26.0952,127.6585,"Itoman"
"SRR5489703","not collected","OTHER",90,156826170,"PRJNA385011","SAMN06857473","Model organism or animal",130637993,"UNIVERSITY OF MICHIGAN","Alison Gould",2013,"public","fastq,run.zq,sra","gs,ncbi,s3","gs.us-east1,ncbi.public,s3.us-east-1","not applicable","SRX2772543","Illumina HiSeq 2000","Library5_ItH13-04","SINGLE","PCR","GENOMIC","Siphamia tubifer","ILLUMINA","2017-05-01T00:00:00Z","ItH13-04","not determined","SRP105806","ItH13-04","light organ","2017-05-01T17:34:00Z",1,"ItH",26.0952,127.6585,"Itoman"
"SRR5489704","not collected","OTHER",90,224814150,"PRJNA385011","SAMN06857472","Model organism or animal",189246009,"UNIVERSITY OF MICHIGAN","Alison Gould",2013,"public","fastq,run.zq,sra","gs,ncbi,s3","gs.us-east1,ncbi.public,s3.us-east-1","not applicable","SRX2772544","Illumina HiSeq 2000","Library7_ItH13-03","SINGLE","PCR","GENOMIC","Siphamia tubifer","ILLUMINA","2017-05-01T00:00:00Z","ItH13-03","not determined","SRP105806","ItH13-03","light organ","2017-05-01T17:34:00Z",1,"ItH",26.0952,127.6585,"Itoman"
"SRR5489705","not collected","OTHER",90,155759940,"PRJNA385011","SAMN06857471","Model organism or animal",128737886,"UNIVERSITY OF MICHIGAN","Alison Gould",2013,"public","fastq,run.zq,sra","gs,ncbi,s3","gs.us-east1,ncbi.public,s3.us-east-1","not applicable","SRX2772545","Illumina HiSeq 2000","Library5_ItH13-01","SINGLE","PCR","GENOMIC","Siphamia tubifer","ILLUMINA","2017-05-01T00:00:00Z","ItH13-01","not determined","SRP105806","ItH13-01","light organ","2017-05-01T17:34:00Z",1,"ItH",26.0952,127.6585,"Itoman"
"SRR5489707","not collected","OTHER",90,134270550,"PRJNA385011","SAMN06857469","Model organism or animal",98802673,"UNIVERSITY OF MICHIGAN","Alison Gould",2014,"public","fastq,run.zq,sra","gs,ncbi,s3","gs.us-east1,ncbi.public,s3.us-east-1","not applicable","SRX2772547","Illumina HiSeq 2000","Library4_Ik14-08","SINGLE","PCR","GENOMIC","Siphamia tubifer","ILLUMINA","2017-05-01T00:00:00Z","Ik14-08","not determined","SRP105806","Ik14-08","light organ","2017-05-01T17:34:00Z",1,"Ik",26.3935,127.9886,"Ikei"
"SRR5489708","not collected","OTHER",90,102738780,"PRJNA385011","SAMN06857468","Model organism or animal",78768330,"UNIVERSITY OF MICHIGAN","Alison Gould",2014,"public","fastq,run.zq,sra","gs,ncbi,s3","gs.us-east1,ncbi.public,s3.us-east-1","not applicable","SRX2772548","Illumina HiSeq 2000","Library4_Ik14-05","SINGLE","PCR","GENOMIC","Siphamia tubifer","ILLUMINA","2017-05-01T00:00:00Z","Ik14-05","not determined","SRP105806","Ik14-05","light organ","2017-05-01T17:34:00Z",1,"Ik",26.3935,127.9886,"Ikei"
"SRR5489709","not collected","OTHER",90,124782660,"PRJNA385011","SAMN06857467","Model organism or animal",95496126,"UNIVERSITY OF MICHIGAN","Alison Gould",2014,"public","fastq,run.zq,sra","gs,ncbi,s3","gs.us-east1,ncbi.public,s3.us-east-1","not applicable","SRX2772549","Illumina HiSeq 2000","Library4_Ik14-04","SINGLE","PCR","GENOMIC","Siphamia tubifer","ILLUMINA","2017-05-01T00:00:00Z","Ik14-04","not determined","SRP105806","Ik14-04","light organ","2017-05-01T17:34:00Z",1,"Ik",26.3935,127.9886,"Ikei"
"SRR5489710","not collected","OTHER",90,123657300,"PRJNA385011","SAMN06857466","Model organism or animal",95623836,"UNIVERSITY OF MICHIGAN","Alison Gould",2014,"public","fastq,run.zq,sra","gs,ncbi,s3","gs.us-east1,ncbi.public,s3.us-east-1","not applicable","SRX2772550","Illumina HiSeq 2000","Library4_Ik14-03","SINGLE","PCR","GENOMIC","Siphamia tubifer","ILLUMINA","2017-05-01T00:00:00Z","Ik14-03","not determined","SRP105806","Ik14-03","light organ","2017-05-01T17:34:00Z",1,"Ik",26.3935,127.9886,"Ikei"
"SRR5489712","not collected","OTHER",90,103138290,"PRJNA385011","SAMN06857464","Model organism or animal",78247253,"UNIVERSITY OF MICHIGAN","Alison Gould",2014,"public","fastq,run.zq,sra","gs,ncbi,s3","gs.us-east1,ncbi.public,s3.us-east-1","not applicable","SRX2772552","Illumina HiSeq 2000","Library3_Ik14-32","SINGLE","PCR","GENOMIC","Siphamia tubifer","ILLUMINA","2017-05-01T00:00:00Z","Ik14-32","not determined","SRP105806","Ik14-32","light organ","2017-05-01T17:34:00Z",1,"Ik",26.3935,127.9886,"Ikei"
"SRR5489713","not collected","OTHER",90,149009760,"PRJNA385011","SAMN06857463","Model organism or animal",108993360,"UNIVERSITY OF MICHIGAN","Alison Gould",2014,"public","fastq,run.zq,sra","gs,ncbi,s3","gs.us-east1,ncbi.public,s3.us-east-1","not applicable","SRX2772553","Illumina HiSeq 2000","Library4_Ik14-02","SINGLE","PCR","GENOMIC","Siphamia tubifer","ILLUMINA","2017-05-01T00:00:00Z","Ik14-02","not determined","SRP105806","Ik14-02","light organ","2017-05-01T17:34:00Z",1,"Ik",26.3935,127.9886,"Ikei"
"SRR5489714","not collected","OTHER",90,89088030,"PRJNA385011","SAMN06857462","Model organism or animal",69818426,"UNIVERSITY OF MICHIGAN","Alison Gould",2014,"public","fastq,run.zq,sra","gs,ncbi,s3","gs.us-east1,ncbi.public,s3.us-east-1","not applicable","SRX2772554","Illumina HiSeq 2000","Library3_Ik14-28","SINGLE","PCR","GENOMIC","Siphamia tubifer","ILLUMINA","2017-05-01T00:00:00Z","Ik14-28","not determined","SRP105806","Ik14-28","light organ","2017-05-01T17:34:00Z",1,"Ik",26.3935,127.9886,"Ikei"
"SRR5489715","not collected","OTHER",90,131798430,"PRJNA385011","SAMN06857461","Model organism or animal",97729393,"UNIVERSITY OF MICHIGAN","Alison Gould",2014,"public","fastq,run.zq,sra","gs,ncbi,s3","gs.us-east1,ncbi.public,s3.us-east-1","not applicable","SRX2772555","Illumina HiSeq 2000","Library3_Ik14-25","SINGLE","PCR","GENOMIC","Siphamia tubifer","ILLUMINA","2017-05-01T00:00:00Z","Ik14-25","not determined","SRP105806","Ik14-25","light organ","2017-05-01T17:34:00Z",1,"Ik",26.3935,127.9886,"Ikei"
"SRR5489716","not collected","OTHER",90,122812200,"PRJNA385011","SAMN06857460","Model organism or animal",95300571,"UNIVERSITY OF MICHIGAN","Alison Gould",2014,"public","fastq,run.zq,sra","gs,ncbi,s3","gs.us-east1,ncbi.public,s3.us-east-1","not applicable","SRX2772556","Illumina HiSeq 2000","Library3_Ik14-24","SINGLE","PCR","GENOMIC","Siphamia tubifer","ILLUMINA","2017-05-01T00:00:00Z","Ik14-24","not determined","SRP105806","Ik14-24","light organ","2017-05-01T17:34:00Z",1,"Ik",26.3935,127.9886,"Ikei"
"SRR5489717","not collected","OTHER",90,133739910,"PRJNA385011","SAMN06857459","Model organism or animal",102538311,"UNIVERSITY OF MICHIGAN","Alison Gould",2014,"public","fastq,run.zq,sra","gs,ncbi,s3","gs.us-east1,ncbi.public,s3.us-east-1","not applicable","SRX2772557","Illumina HiSeq 2000","Library3_Ik14-23","SINGLE","PCR","GENOMIC","Siphamia tubifer","ILLUMINA","2017-05-01T00:00:00Z","Ik14-23","not determined","SRP105806","Ik14-23","light organ","2017-05-01T17:34:00Z",1,"Ik",26.3935,127.9886,"Ikei"
"SRR5489718","not collected","OTHER",90,94098780,"PRJNA385011","SAMN06857458","Model organism or animal",69950212,"UNIVERSITY OF MICHIGAN","Alison Gould",2014,"public","fastq,run.zq,sra","gs,ncbi,s3","gs.us-east1,ncbi.public,s3.us-east-1","not applicable","SRX2772558","Illumina HiSeq 2000","Library3_Ik14-22","SINGLE","PCR","GENOMIC","Siphamia tubifer","ILLUMINA","2017-05-01T00:00:00Z","Ik14-22","not determined","SRP105806","Ik14-22","light organ","2017-05-01T17:34:00Z",1,"Ik",26.3935,127.9886,"Ikei"
"SRR5489730","not collected","OTHER",90,161583480,"PRJNA385011","SAMN06857446","Model organism or animal",134109196,"UNIVERSITY OF MICHIGAN","Alison Gould",2013,"public","fastq,run.zq,sra","gs,ncbi,s3","gs.us-east1,ncbi.public,s3.us-east-1","not applicable","SRX2772570","Illumina HiSeq 2000","Library5_Ik13-32","SINGLE","PCR","GENOMIC","Siphamia tubifer","ILLUMINA","2017-05-01T00:00:00Z","Ik13-32","not determined","SRP105806","Ik13-32","light organ","2017-05-01T17:35:00Z",1,"Ik",26.3935,127.9886,"Ikei"
"SRR5489731","not collected","OTHER",90,188298630,"PRJNA385011","SAMN06857445","Model organism or animal",158605701,"UNIVERSITY OF MICHIGAN","Alison Gould",2013,"public","fastq,run.zq,sra","gs,ncbi,s3","gs.us-east1,ncbi.public,s3.us-east-1","not applicable","SRX2772571","Illumina HiSeq 2000","Library7_Ik13-29","SINGLE","PCR","GENOMIC","Siphamia tubifer","ILLUMINA","2017-05-01T00:00:00Z","Ik13-29","not determined","SRP105806","Ik13-29","light organ","2017-05-01T17:34:00Z",1,"Ik",26.3935,127.9886,"Ikei"
"SRR5489736","not collected","OTHER",90,152676450,"PRJNA385011","SAMN06857440","Model organism or animal",127656278,"UNIVERSITY OF MICHIGAN","Alison Gould",2013,"public","fastq,run.zq,sra","gs,ncbi,s3","gs.us-east1,ncbi.public,s3.us-east-1","not applicable","SRX2772576","Illumina HiSeq 2000","Library5_Ik13-07","SINGLE","PCR","GENOMIC","Siphamia tubifer","ILLUMINA","2017-05-01T00:00:00Z","Ik13-07","not determined","SRP105806","Ik13-07","light organ","2017-05-01T17:34:00Z",1,"Ik",26.3935,127.9886,"Ikei"
"SRR5489737","not collected","OTHER",90,163078290,"PRJNA385011","SAMN06857439","Model organism or animal",134976143,"UNIVERSITY OF MICHIGAN","Alison Gould",2013,"public","fastq,run.zq,sra","gs,ncbi,s3","gs.us-east1,ncbi.public,s3.us-east-1","not applicable","SRX2772577","Illumina HiSeq 2000","Library6_Ik13-06","SINGLE","PCR","GENOMIC","Siphamia tubifer","ILLUMINA","2017-05-01T00:00:00Z","Ik13-06","not determined","SRP105806","Ik13-06","light organ","2017-05-01T17:34:00Z",1,"Ik",26.3935,127.9886,"Ikei"
"SRR5489738","not collected","OTHER",90,144223110,"PRJNA385011","SAMN06857438","Model organism or animal",120862769,"UNIVERSITY OF MICHIGAN","Alison Gould",2013,"public","fastq,run.zq,sra","gs,ncbi,s3","gs.us-east1,ncbi.public,s3.us-east-1","not applicable","SRX2772578","Illumina HiSeq 2000","Library5_Ik13-05","SINGLE","PCR","GENOMIC","Siphamia tubifer","ILLUMINA","2017-05-01T00:00:00Z","Ik13-05","not determined","SRP105806","Ik13-05","light organ","2017-05-01T17:34:00Z",1,"Ik",26.3935,127.9886,"Ikei"
"SRR5489739","not collected","OTHER",90,141601680,"PRJNA385011","SAMN06857437","Model organism or animal",118064259,"UNIVERSITY OF MICHIGAN","Alison Gould",2013,"public","fastq,run.zq,sra","gs,ncbi,s3","gs.us-east1,ncbi.public,s3.us-east-1","not applicable","SRX2772579","Illumina HiSeq 2000","Library6_Ik13-04","SINGLE","PCR","GENOMIC","Siphamia tubifer","ILLUMINA","2017-05-01T00:00:00Z","Ik13-04","not determined","SRP105806","Ik13-04","light organ","2017-05-01T17:34:00Z",1,"Ik",26.3935,127.9886,"Ikei"
"SRR5489740","not collected","OTHER",90,161586990,"PRJNA385011","SAMN06857436","Model organism or animal",137682671,"UNIVERSITY OF MICHIGAN","Alison Gould",2013,"public","fastq,run.zq,sra","gs,ncbi,s3","gs.us-east1,ncbi.public,s3.us-east-1","not applicable","SRX2772580","Illumina HiSeq 2000","Library7_Ik13-03","SINGLE","PCR","GENOMIC","Siphamia tubifer","ILLUMINA","2017-05-01T00:00:00Z","Ik13-03","not determined","SRP105806","Ik13-03","light organ","2017-05-01T17:34:00Z",1,"Ik",26.3935,127.9886,"Ikei"
"SRR5489741","not collected","OTHER",90,182290410,"PRJNA385011","SAMN06857435","Model organism or animal",152877070,"UNIVERSITY OF MICHIGAN","Alison Gould",2013,"public","fastq,run.zq,sra","gs,ncbi,s3","gs.us-east1,ncbi.public,s3.us-east-1","not applicable","SRX2772581","Illumina HiSeq 2000","Library7_Ik13-02","SINGLE","PCR","GENOMIC","Siphamia tubifer","ILLUMINA","2017-05-01T00:00:00Z","Ik13-02","not determined","SRP105806","Ik13-02","light organ","2017-05-01T17:34:00Z",1,"Ik",26.3935,127.9886,"Ikei"
"SRR5489743","not collected","OTHER",90,147773520,"PRJNA385011","SAMN06857433","Model organism or animal",123073291,"UNIVERSITY OF MICHIGAN","Alison Gould",2013,"public","fastq,run.zq,sra","gs,ncbi,s3","gs.us-east1,ncbi.public,s3.us-east-1","not applicable","SRX2772583","Illumina HiSeq 2000","Library5_Hk13-36","SINGLE","PCR","GENOMIC","Siphamia tubifer","ILLUMINA","2017-05-01T00:00:00Z","Hk13-36","not determined","SRP105806","Hk13-36","light organ","2017-05-01T17:35:00Z",1,"Hk",26.5346,128.0461,"Henoko"
"SRR5489744","not collected","OTHER",90,176054130,"PRJNA385011","SAMN06857432","Model organism or animal",146505010,"UNIVERSITY OF MICHIGAN","Alison Gould",2013,"public","fastq,run.zq,sra","gs,ncbi,s3","gs.us-east1,ncbi.public,s3.us-east-1","not applicable","SRX2772584","Illumina HiSeq 2000","Library5_Hk13-25","SINGLE","PCR","GENOMIC","Siphamia tubifer","ILLUMINA","2017-05-01T00:00:00Z","Hk13-25","not determined","SRP105806","Hk13-25","light organ","2017-05-01T17:34:00Z",1,"Hk",26.5346,128.0461,"Henoko"
"SRR5489745","not collected","OTHER",90,161336880,"PRJNA385011","SAMN06857431","Model organism or animal",134382573,"UNIVERSITY OF MICHIGAN","Alison Gould",2013,"public","fastq,run.zq,sra","gs,ncbi,s3","gs.us-east1,ncbi.public,s3.us-east-1","not applicable","SRX2772585","Illumina HiSeq 2000","Library6_Hk13-22","SINGLE","PCR","GENOMIC","Siphamia tubifer","ILLUMINA","2017-05-01T00:00:00Z","Hk13-22","not determined","SRP105806","Hk13-22","light organ","2017-05-01T17:35:00Z",1,"Hk",26.5346,128.0461,"Henoko"
"SRR5489746","not collected","OTHER",90,177754680,"PRJNA385011","SAMN06857430","Model organism or animal",148573251,"UNIVERSITY OF MICHIGAN","Alison Gould",2013,"public","fastq,run.zq,sra","gs,ncbi,s3","gs.us-east1,ncbi.public,s3.us-east-1","not applicable","SRX2772586","Illumina HiSeq 2000","Library5_Hk13-18","SINGLE","PCR","GENOMIC","Siphamia tubifer","ILLUMINA","2017-05-01T00:00:00Z","Hk13-18","not determined","SRP105806","Hk13-18","light organ","2017-05-01T17:35:00Z",1,"Hk",26.5346,128.0461,"Henoko"
"SRR5489747","not collected","OTHER",90,187942590,"PRJNA385011","SAMN06857429","Model organism or animal",159472810,"UNIVERSITY OF MICHIGAN","Alison Gould",2013,"public","fastq,run.zq,sra","gs,ncbi,s3","gs.us-east1,ncbi.public,s3.us-east-1","not applicable","SRX2772587","Illumina HiSeq 2000","Library7_Hk13-13","SINGLE","PCR","GENOMIC","Siphamia tubifer","ILLUMINA","2017-05-01T00:00:00Z","Hk13-13","not determined","SRP105806","Hk13-13","light organ","2017-05-01T17:34:00Z",1,"Hk",26.5346,128.0461,"Henoko"
"SRR5489748","not collected","OTHER",90,154261980,"PRJNA385011","SAMN06857428","Model organism or animal",128849081,"UNIVERSITY OF MICHIGAN","Alison Gould",2013,"public","fastq,run.zq,sra","gs,ncbi,s3","gs.us-east1,ncbi.public,s3.us-east-1","not applicable","SRX2772588","Illumina HiSeq 2000","Library5_Hk13-12","SINGLE","PCR","GENOMIC","Siphamia tubifer","ILLUMINA","2017-05-01T00:00:00Z","Hk13-12","not determined","SRP105806","Hk13-12","light organ","2017-05-01T17:34:00Z",1,"Hk",26.5346,128.0461,"Henoko"
"SRR5489749","not collected","OTHER",90,206026200,"PRJNA385011","SAMN06857427","Model organism or animal",172933097,"UNIVERSITY OF MICHIGAN","Alison Gould",2013,"public","fastq,run.zq,sra","gs,ncbi,s3","gs.us-east1,ncbi.public,s3.us-east-1","not applicable","SRX2772589","Illumina HiSeq 2000","Library7_Hk13-11","SINGLE","PCR","GENOMIC","Siphamia tubifer","ILLUMINA","2017-05-01T00:00:00Z","Hk13-11","not determined","SRP105806","Hk13-11","light organ","2017-05-01T17:35:00Z",1,"Hk",26.5346,128.0461,"Henoko"
"SRR5489750","not collected","OTHER",90,165482640,"PRJNA385011","SAMN06857426","Model organism or animal",141164418,"UNIVERSITY OF MICHIGAN","Alison Gould",2013,"public","fastq,run.zq,sra","gs,ncbi,s3","gs.us-east1,ncbi.public,s3.us-east-1","not applicable","SRX2772590","Illumina HiSeq 2000","Library7_Hk13-10","SINGLE","PCR","GENOMIC","Siphamia tubifer","ILLUMINA","2017-05-01T00:00:00Z","Hk13-10","not determined","SRP105806","Hk13-10","light organ","2017-05-01T17:34:00Z",1,"Hk",26.5346,128.0461,"Henoko"
"SRR5489751","not collected","OTHER",90,192970710,"PRJNA385011","SAMN06857425","Model organism or animal",161750083,"UNIVERSITY OF MICHIGAN","Alison Gould",2013,"public","fastq,run.zq,sra","gs,ncbi,s3","gs.us-east1,ncbi.public,s3.us-east-1","not applicable","SRX2772591","Illumina HiSeq 2000","Library7_Hk13-09","SINGLE","PCR","GENOMIC","Siphamia tubifer","ILLUMINA","2017-05-01T00:00:00Z","Hk13-09","not determined","SRP105806","Hk13-09","light organ","2017-05-01T17:35:00Z",1,"Hk",26.5346,128.0461,"Henoko"
"SRR5489752","not collected","OTHER",90,162611820,"PRJNA385011","SAMN06857424","Model organism or animal",134158808,"UNIVERSITY OF MICHIGAN","Alison Gould",2013,"public","fastq,run.zq,sra","gs,ncbi,s3","gs.us-east1,ncbi.public,s3.us-east-1","not applicable","SRX2772592","Illumina HiSeq 2000","Library6_Hk13-08","SINGLE","PCR","GENOMIC","Siphamia tubifer","ILLUMINA","2017-05-01T00:00:00Z","Hk13-08","not determined","SRP105806","Hk13-08","light organ","2017-05-01T17:34:00Z",1,"Hk",26.5346,128.0461,"Henoko"
"SRR5489753","not collected","OTHER",90,147202470,"PRJNA385011","SAMN06857423","Model organism or animal",122706829,"UNIVERSITY OF MICHIGAN","Alison Gould",2013,"public","fastq,run.zq,sra","gs,ncbi,s3","gs.us-east1,ncbi.public,s3.us-east-1","not applicable","SRX2772593","Illumina HiSeq 2000","Library6_Hk13-07","SINGLE","PCR","GENOMIC","Siphamia tubifer","ILLUMINA","2017-05-01T00:00:00Z","Hk13-07","not determined","SRP105806","Hk13-07","light organ","2017-05-01T17:34:00Z",1,"Hk",26.5346,128.0461,"Henoko"
"SRR5489754","not collected","OTHER",90,185932980,"PRJNA385011","SAMN06857422","Model organism or animal",157149469,"UNIVERSITY OF MICHIGAN","Alison Gould",2013,"public","fastq,run.zq,sra","gs,ncbi,s3","gs.us-east1,ncbi.public,s3.us-east-1","not applicable","SRX2772594","Illumina HiSeq 2000","Library7_Hk13-06","SINGLE","PCR","GENOMIC","Siphamia tubifer","ILLUMINA","2017-05-01T00:00:00Z","Hk13-06","not determined","SRP105806","Hk13-06","light organ","2017-05-01T17:35:00Z",1,"Hk",26.5346,128.0461,"Henoko"
"SRR5489755","not collected","OTHER",90,151071210,"PRJNA385011","SAMN06857421","Model organism or animal",127629499,"UNIVERSITY OF MICHIGAN","Alison Gould",2013,"public","fastq,run.zq,sra","gs,ncbi,s3","gs.us-east1,ncbi.public,s3.us-east-1","not applicable","SRX2772595","Illumina HiSeq 2000","Library7_Hk13-05","SINGLE","PCR","GENOMIC","Siphamia tubifer","ILLUMINA","2017-05-01T00:00:00Z","Hk13-05","not determined","SRP105806","Hk13-05","light organ","2017-05-01T17:35:00Z",1,"Hk",26.5346,128.0461,"Henoko"
"SRR5489756","not collected","OTHER",90,156121830,"PRJNA385011","SAMN06857420","Model organism or animal",130077006,"UNIVERSITY OF MICHIGAN","Alison Gould",2013,"public","fastq,run.zq,sra","gs,ncbi,s3","gs.us-east1,ncbi.public,s3.us-east-1","not applicable","SRX2772596","Illumina HiSeq 2000","Library5_Hk13-04","SINGLE","PCR","GENOMIC","Siphamia tubifer","ILLUMINA","2017-05-01T00:00:00Z","Hk13-04","not determined","SRP105806","Hk13-04","light organ","2017-05-01T17:34:00Z",1,"Hk",26.5346,128.0461,"Henoko"
"SRR5489757","not collected","OTHER",90,183344760,"PRJNA385011","SAMN06857419","Model organism or animal",155457138,"UNIVERSITY OF MICHIGAN","Alison Gould",2013,"public","fastq,run.zq,sra","gs,ncbi,s3","gs.us-east1,ncbi.public,s3.us-east-1","not applicable","SRX2772597","Illumina HiSeq 2000","Library7_Hk13-03","SINGLE","PCR","GENOMIC","Siphamia tubifer","ILLUMINA","2017-05-01T00:00:00Z","Hk13-03","not determined","SRP105806","Hk13-03","light organ","2017-05-01T17:35:00Z",1,"Hk",26.5346,128.0461,"Henoko"
"SRR5489758","not collected","OTHER",90,171079560,"PRJNA385011","SAMN06857418","Model organism or animal",140755426,"UNIVERSITY OF MICHIGAN","Alison Gould",2013,"public","fastq,run.zq,sra","gs,ncbi,s3","gs.us-east1,ncbi.public,s3.us-east-1","not applicable","SRX2772598","Illumina HiSeq 2000","Library6_Hk13-02","SINGLE","PCR","GENOMIC","Siphamia tubifer","ILLUMINA","2017-05-01T00:00:00Z","Hk13-02","not determined","SRP105806","Hk13-02","light organ","2017-05-01T17:35:00Z",1,"Hk",26.5346,128.0461,"Henoko"
"SRR5489759","not collected","OTHER",90,182030220,"PRJNA385011","SAMN06857417","Model organism or animal",149401128,"UNIVERSITY OF MICHIGAN","Alison Gould",2013,"public","fastq,run.zq,sra","gs,ncbi,s3","gs.us-east1,ncbi.public,s3.us-east-1","not applicable","SRX2772599","Illumina HiSeq 2000","Library6_Hk13-01","SINGLE","PCR","GENOMIC","Siphamia tubifer","ILLUMINA","2017-05-01T00:00:00Z","Hk13-01","not determined","SRP105806","Hk13-01","light organ","2017-05-01T17:35:00Z",1,"Hk",26.5346,128.0461,"Henoko"
"SRR5489760","not collected","OTHER",90,228226860,"PRJNA385011","SAMN06857416","Model organism or animal",192071589,"UNIVERSITY OF MICHIGAN","Alison Gould",2013,"public","fastq,run.zq,sra","gs,ncbi,s3","gs.us-east1,ncbi.public,s3.us-east-1","not applicable","SRX2772600","Illumina HiSeq 2000","Library7_H13-33","SINGLE","PCR","GENOMIC","Siphamia tubifer","ILLUMINA","2017-05-01T00:00:00Z","H13-33","not determined","SRP105806","H13-33","light organ","2017-05-01T17:35:00Z",1,"H",26.8488,128.2525,"Hedo"
"SRR5489761","not collected","OTHER",90,160951590,"PRJNA385011","SAMN06857415","Model organism or animal",133780158,"UNIVERSITY OF MICHIGAN","Alison Gould",2013,"public","fastq,run.zq,sra","gs,ncbi,s3","gs.us-east1,ncbi.public,s3.us-east-1","not applicable","SRX2772601","Illumina HiSeq 2000","Library6_H13-32","SINGLE","PCR","GENOMIC","Siphamia tubifer","ILLUMINA","2017-05-01T00:00:00Z","H13-32","not determined","SRP105806","H13-32","light organ","2017-05-01T17:35:00Z",1,"H",26.8488,128.2525,"Hedo"
"SRR5489762","not collected","OTHER",90,177591240,"PRJNA385011","SAMN06857414","Model organism or animal",146306648,"UNIVERSITY OF MICHIGAN","Alison Gould",2013,"public","fastq,run.zq,sra","gs,ncbi,s3","gs.us-east1,ncbi.public,s3.us-east-1","not applicable","SRX2772602","Illumina HiSeq 2000","Library6_H13-31","SINGLE","PCR","GENOMIC","Siphamia tubifer","ILLUMINA","2017-05-01T00:00:00Z","H13-31","not determined","SRP105806","H13-31","light organ","2017-05-01T17:35:00Z",1,"H",26.8488,128.2525,"Hedo"
"SRR5489763","not collected","OTHER",90,162347040,"PRJNA385011","SAMN06857413","Model organism or animal",135635907,"UNIVERSITY OF MICHIGAN","Alison Gould",2013,"public","fastq,run.zq,sra","gs,ncbi,s3","gs.us-east1,ncbi.public,s3.us-east-1","not applicable","SRX2772603","Illumina HiSeq 2000","Library5_H13-28","SINGLE","PCR","GENOMIC","Siphamia tubifer","ILLUMINA","2017-05-01T00:00:00Z","H13-28","not determined","SRP105806","H13-28","light organ","2017-05-01T17:35:00Z",1,"H",26.8488,128.2525,"Hedo"
"SRR5489764","not collected","OTHER",90,181964520,"PRJNA385011","SAMN06857412","Model organism or animal",151889863,"UNIVERSITY OF MICHIGAN","Alison Gould",2013,"public","fastq,run.zq,sra","gs,ncbi,s3","gs.us-east1,ncbi.public,s3.us-east-1","not applicable","SRX2772604","Illumina HiSeq 2000","Library5_H13-26","SINGLE","PCR","GENOMIC","Siphamia tubifer","ILLUMINA","2017-05-01T00:00:00Z","H13-26","not determined","SRP105806","H13-26","light organ","2017-05-01T17:35:00Z",1,"H",26.8488,128.2525,"Hedo"
"SRR5489765","not collected","OTHER",90,230829210,"PRJNA385011","SAMN06857411","Model organism or animal",190131657,"UNIVERSITY OF MICHIGAN","Alison Gould",2013,"public","fastq,run.zq,sra","gs,ncbi,s3","gs.us-east1,ncbi.public,s3.us-east-1","not applicable","SRX2772605","Illumina HiSeq 2000","Library6_H13-23","SINGLE","PCR","GENOMIC","Siphamia tubifer","ILLUMINA","2017-05-01T00:00:00Z","H13-23","not determined","SRP105806","H13-23","light organ","2017-05-01T17:35:00Z",1,"H",26.8488,128.2525,"Hedo"
"SRR5489766","not collected","OTHER",90,205713900,"PRJNA385011","SAMN06857410","Model organism or animal",169142820,"UNIVERSITY OF MICHIGAN","Alison Gould",2013,"public","fastq,run.zq,sra","gs,ncbi,s3","gs.us-east1,ncbi.public,s3.us-east-1","not applicable","SRX2772606","Illumina HiSeq 2000","Library6_H13-15","SINGLE","PCR","GENOMIC","Siphamia tubifer","ILLUMINA","2017-05-01T00:00:00Z","H13-15","not determined","SRP105806","H13-15","light organ","2017-05-01T17:35:00Z",1,"H",26.8488,128.2525,"Hedo"
"SRR5489767","not collected","OTHER",90,135965610,"PRJNA385011","SAMN06857409","Model organism or animal",116270766,"UNIVERSITY OF MICHIGAN","Alison Gould",2013,"public","fastq,run.zq,sra","gs,ncbi,s3","gs.us-east1,ncbi.public,s3.us-east-1","not applicable","SRX2772607","Illumina HiSeq 2000","Library7_H13-14","SINGLE","PCR","GENOMIC","Siphamia tubifer","ILLUMINA","2017-05-01T00:00:00Z","H13-14","not determined","SRP105806","H13-14","light organ","2017-05-01T17:35:00Z",1,"H",26.8488,128.2525,"Hedo"
"SRR5489768","not collected","OTHER",90,168807510,"PRJNA385011","SAMN06857408","Model organism or animal",143453548,"UNIVERSITY OF MICHIGAN","Alison Gould",2013,"public","fastq,run.zq,sra","gs,ncbi,s3","gs.us-east1,ncbi.public,s3.us-east-1","not applicable","SRX2772608","Illumina HiSeq 2000","Library7_H13-11","SINGLE","PCR","GENOMIC","Siphamia tubifer","ILLUMINA","2017-05-01T00:00:00Z","H13-11","not determined","SRP105806","H13-11","light organ","2017-05-01T17:35:00Z",1,"H",26.8488,128.2525,"Hedo"
"SRR5489769","not collected","OTHER",90,224074620,"PRJNA385011","SAMN06857407","Model organism or animal",187245605,"UNIVERSITY OF MICHIGAN","Alison Gould",2013,"public","fastq,run.zq,sra","gs,ncbi,s3","gs.us-east1,ncbi.public,s3.us-east-1","not applicable","SRX2772609","Illumina HiSeq 2000","Library7_H13-10","SINGLE","PCR","GENOMIC","Siphamia tubifer","ILLUMINA","2017-05-01T00:00:00Z","H13-10","not determined","SRP105806","H13-10","light organ","2017-05-01T17:35:00Z",1,"H",26.8488,128.2525,"Hedo"
"SRR5489770","not collected","OTHER",90,151868610,"PRJNA385011","SAMN06857406","Model organism or animal",125522305,"UNIVERSITY OF MICHIGAN","Alison Gould",2013,"public","fastq,run.zq,sra","gs,ncbi,s3","gs.us-east1,ncbi.public,s3.us-east-1","not applicable","SRX2772610","Illumina HiSeq 2000","Library5_H13-08","SINGLE","PCR","GENOMIC","Siphamia tubifer","ILLUMINA","2017-05-01T00:00:00Z","H13-08","not determined","SRP105806","H13-08","light organ","2017-05-01T17:35:00Z",1,"H",26.8488,128.2525,"Hedo"
"SRR5489771","not collected","OTHER",90,197277390,"PRJNA385011","SAMN06857405","Model organism or animal",162214308,"UNIVERSITY OF MICHIGAN","Alison Gould",2013,"public","fastq,run.zq,sra","gs,ncbi,s3","gs.us-east1,ncbi.public,s3.us-east-1","not applicable","SRX2772611","Illumina HiSeq 2000","Library6_H13-07","SINGLE","PCR","GENOMIC","Siphamia tubifer","ILLUMINA","2017-05-01T00:00:00Z","H13-07","not determined","SRP105806","H13-07","light organ","2017-05-01T17:35:00Z",1,"H",26.8488,128.2525,"Hedo"
"SRR5489773","not collected","OTHER",90,181204020,"PRJNA385011","SAMN06857403","Model organism or animal",150271557,"UNIVERSITY OF MICHIGAN","Alison Gould",2013,"public","fastq,run.zq,sra","gs,ncbi,s3","gs.us-east1,ncbi.public,s3.us-east-1","not applicable","SRX2772614","Illumina HiSeq 2000","Library5_H13-05","SINGLE","PCR","GENOMIC","Siphamia tubifer","ILLUMINA","2017-05-01T00:00:00Z","H13-05","not determined","SRP105806","H13-05","light organ","2017-05-01T17:35:00Z",1,"H",26.8488,128.2525,"Hedo"
"SRR5489774","not collected","OTHER",90,110488410,"PRJNA385011","SAMN06857402","Model organism or animal",94169951,"UNIVERSITY OF MICHIGAN","Alison Gould",2013,"public","fastq,run.zq,sra","gs,ncbi,s3","gs.us-east1,ncbi.public,s3.us-east-1","not applicable","SRX2772615","Illumina HiSeq 2000","Library7_H13-03","SINGLE","PCR","GENOMIC","Siphamia tubifer","ILLUMINA","2017-05-01T00:00:00Z","H13-03","not determined","SRP105806","H13-03","light organ","2017-05-01T17:35:00Z",1,"H",26.8488,128.2525,"Hedo"
"SRR5489775","not collected","OTHER",90,186919920,"PRJNA385011","SAMN06857401","Model organism or animal",154695823,"UNIVERSITY OF MICHIGAN","Alison Gould",2013,"public","fastq,run.zq,sra","gs,ncbi,s3","gs.us-east1,ncbi.public,s3.us-east-1","not applicable","SRX2772616","Illumina HiSeq 2000","Library6_H13-02","SINGLE","PCR","GENOMIC","Siphamia tubifer","ILLUMINA","2017-05-01T00:00:00Z","H13-02","not determined","SRP105806","H13-02","light organ","2017-05-01T17:35:00Z",1,"H",26.8488,128.2525,"Hedo"
"SRR5489776","not collected","OTHER",90,166686030,"PRJNA385011","SAMN06857400","Model organism or animal",141791071,"UNIVERSITY OF MICHIGAN","Alison Gould",2013,"public","fastq,run.zq,sra","gs,ncbi,s3","gs.us-east1,ncbi.public,s3.us-east-1","not applicable","SRX2772617","Illumina HiSeq 2000","Library7_H13-01","SINGLE","PCR","GENOMIC","Siphamia tubifer","ILLUMINA","2017-05-01T00:00:00Z","H13-01","not determined","SRP105806","H13-01","light organ","2017-05-01T17:35:00Z",1,"H",26.8488,128.2525,"Hedo"
"SRR5489777","not collected","OTHER",90,222907050,"PRJNA385011","SAMN06857399","Model organism or animal",185841848,"UNIVERSITY OF MICHIGAN","Alison Gould",2013,"public","fastq,run.zq,sra","gs,ncbi,s3","gs.us-east1,ncbi.public,s3.us-east-1","not applicable","SRX2772618","Illumina HiSeq 2000","Library7_Ad13-26","SINGLE","PCR","GENOMIC","Siphamia tubifer","ILLUMINA","2017-05-01T00:00:00Z","Ad13-26","not determined","SRP105806","Ad13-26","light organ","2017-05-01T17:35:00Z",1,"Ad",26.742,128.3211,"Ada"
"SRR5489778","not collected","OTHER",90,221769990,"PRJNA385011","SAMN06857398","Model organism or animal",182720620,"UNIVERSITY OF MICHIGAN","Alison Gould",2013,"public","fastq,run.zq,sra","gs,ncbi,s3","gs.us-east1,ncbi.public,s3.us-east-1","not applicable","SRX2772619","Illumina HiSeq 2000","Library5_Ad13-23","SINGLE","PCR","GENOMIC","Siphamia tubifer","ILLUMINA","2017-05-01T00:00:00Z","Ad13-23","not determined","SRP105806","Ad13-23","light organ","2017-05-01T17:35:00Z",1,"Ad",26.742,128.3211,"Ada"
"SRR5489779","not collected","OTHER",90,175313520,"PRJNA385011","SAMN06857397","Model organism or animal",145207106,"UNIVERSITY OF MICHIGAN","Alison Gould",2013,"public","fastq,run.zq,sra","gs,ncbi,s3","gs.us-east1,ncbi.public,s3.us-east-1","not applicable","SRX2772620","Illumina HiSeq 2000","Library6_Ad13-22","SINGLE","PCR","GENOMIC","Siphamia tubifer","ILLUMINA","2017-05-01T00:00:00Z","Ad13-22","not determined","SRP105806","Ad13-22","light organ","2017-05-01T17:35:00Z",1,"Ad",26.742,128.3211,"Ada"
"SRR5489780","not collected","OTHER",90,208384020,"PRJNA385011","SAMN06857396","Model organism or animal",174845606,"UNIVERSITY OF MICHIGAN","Alison Gould",2013,"public","fastq,run.zq,sra","gs,ncbi,s3","gs.us-east1,ncbi.public,s3.us-east-1","not applicable","SRX2772621","Illumina HiSeq 2000","Library7_Ad13-18","SINGLE","PCR","GENOMIC","Siphamia tubifer","ILLUMINA","2017-05-01T00:00:00Z","Ad13-18","not determined","SRP105806","Ad13-18","light organ","2017-05-01T17:35:00Z",1,"Ad",26.742,128.3211,"Ada"
"SRR5489781","not collected","OTHER",90,200040570,"PRJNA385011","SAMN06857395","Model organism or animal",164682392,"UNIVERSITY OF MICHIGAN","Alison Gould",2013,"public","fastq,run.zq,sra","gs,ncbi,s3","gs.us-east1,ncbi.public,s3.us-east-1","not applicable","SRX2772622","Illumina HiSeq 2000","Library5_Ad13-14","SINGLE","PCR","GENOMIC","Siphamia tubifer","ILLUMINA","2017-05-01T00:00:00Z","Ad13-14","not determined","SRP105806","Ad13-14","light organ","2017-05-01T17:35:00Z",1,"Ad",26.742,128.3211,"Ada"
"SRR5489782","not collected","OTHER",90,199264590,"PRJNA385011","SAMN06857394","Model organism or animal",165255149,"UNIVERSITY OF MICHIGAN","Alison Gould",2013,"public","fastq,run.zq,sra","gs,ncbi,s3","gs.us-east1,ncbi.public,s3.us-east-1","not applicable","SRX2772623","Illumina HiSeq 2000","Library6_Ad13-13","SINGLE","PCR","GENOMIC","Siphamia tubifer","ILLUMINA","2017-05-01T00:00:00Z","Ad13-13","not determined","SRP105806","Ad13-13","light organ","2017-05-01T17:35:00Z",1,"Ad",26.742,128.3211,"Ada"
"SRR5489783","not collected","OTHER",90,273099960,"PRJNA385011","SAMN06857393","Model organism or animal",226969085,"UNIVERSITY OF MICHIGAN","Alison Gould",2013,"public","fastq,run.zq,sra","gs,ncbi,s3","gs.us-east1,ncbi.public,s3.us-east-1","not applicable","SRX2772624","Illumina HiSeq 2000","Library7_Ad13-11","SINGLE","PCR","GENOMIC","Siphamia tubifer","ILLUMINA","2017-05-01T00:00:00Z","Ad13-11","not determined","SRP105806","Ad13-11","light organ","2017-05-01T17:36:00Z",1,"Ad",26.742,128.3211,"Ada"
"SRR5489784","not collected","OTHER",90,170953920,"PRJNA385011","SAMN06857392","Model organism or animal",141833016,"UNIVERSITY OF MICHIGAN","Alison Gould",2013,"public","fastq,run.zq,sra","gs,ncbi,s3","gs.us-east1,ncbi.public,s3.us-east-1","not applicable","SRX2772625","Illumina HiSeq 2000","Library6_Ad13-10","SINGLE","PCR","GENOMIC","Siphamia tubifer","ILLUMINA","2017-05-01T00:00:00Z","Ad13-10","not determined","SRP105806","Ad13-10","light organ","2017-05-01T17:35:00Z",1,"Ad",26.742,128.3211,"Ada"
"SRR5489785","not collected","OTHER",90,252845100,"PRJNA385011","SAMN06857391","Model organism or animal",212299657,"UNIVERSITY OF MICHIGAN","Alison Gould",2013,"public","fastq,run.zq,sra","gs,ncbi,s3","gs.us-east1,ncbi.public,s3.us-east-1","not applicable","SRX2772626","Illumina HiSeq 2000","Library7_Ad13-09","SINGLE","PCR","GENOMIC","Siphamia tubifer","ILLUMINA","2017-05-01T00:00:00Z","Ad13-09","not determined","SRP105806","Ad13-09","light organ","2017-05-01T17:35:00Z",1,"Ad",26.742,128.3211,"Ada"
"SRR5489786","not collected","OTHER",90,280723590,"PRJNA385011","SAMN06857390","Model organism or animal",234535536,"UNIVERSITY OF MICHIGAN","Alison Gould",2013,"public","fastq,run.zq,sra","gs,ncbi,s3","gs.us-east1,ncbi.public,s3.us-east-1","not applicable","SRX2772627","Illumina HiSeq 2000","Library7_Ad13-08","SINGLE","PCR","GENOMIC","Siphamia tubifer","ILLUMINA","2017-05-01T00:00:00Z","Ad13-08","not determined","SRP105806","Ad13-08","light organ","2017-05-01T17:36:00Z",1,"Ad",26.742,128.3211,"Ada"
"SRR5489787","not collected","OTHER",90,167135850,"PRJNA385011","SAMN06857389","Model organism or animal",139207421,"UNIVERSITY OF MICHIGAN","Alison Gould",2013,"public","fastq,run.zq,sra","gs,ncbi,s3","gs.us-east1,ncbi.public,s3.us-east-1","not applicable","SRX2772628","Illumina HiSeq 2000","Library6_Ad13-07","SINGLE","PCR","GENOMIC","Siphamia tubifer","ILLUMINA","2017-05-01T00:00:00Z","Ad13-07","not determined","SRP105806","Ad13-07","light organ","2017-05-01T17:35:00Z",1,"Ad",26.742,128.3211,"Ada"
"SRR5489788","not collected","OTHER",90,190035000,"PRJNA385011","SAMN06857388","Model organism or animal",160393262,"UNIVERSITY OF MICHIGAN","Alison Gould",2013,"public","fastq,run.zq,sra","gs,ncbi,s3","gs.us-east1,ncbi.public,s3.us-east-1","not applicable","SRX2772629","Illumina HiSeq 2000","Library7_Ad13-05","SINGLE","PCR","GENOMIC","Siphamia tubifer","ILLUMINA","2017-05-01T00:00:00Z","Ad13-05","not determined","SRP105806","Ad13-05","light organ","2017-05-01T17:35:00Z",1,"Ad",26.742,128.3211,"Ada"
"SRR5489789","not collected","OTHER",90,211757940,"PRJNA385011","SAMN06857387","Model organism or animal",174453720,"UNIVERSITY OF MICHIGAN","Alison Gould",2013,"public","fastq,run.zq,sra","gs,ncbi,s3","gs.us-east1,ncbi.public,s3.us-east-1","not applicable","SRX2772630","Illumina HiSeq 2000","Library5_Ad13-04","SINGLE","PCR","GENOMIC","Siphamia tubifer","ILLUMINA","2017-05-01T00:00:00Z","Ad13-04","not determined","SRP105806","Ad13-04","light organ","2017-05-01T17:35:00Z",1,"Ad",26.742,128.3211,"Ada"
"SRR5489790","not collected","OTHER",90,171570690,"PRJNA385011","SAMN06857386","Model organism or animal",142572964,"UNIVERSITY OF MICHIGAN","Alison Gould",2013,"public","fastq,run.zq,sra","gs,ncbi,s3","gs.us-east1,ncbi.public,s3.us-east-1","not applicable","SRX2772631","Illumina HiSeq 2000","Library6_Ad13-02","SINGLE","PCR","GENOMIC","Siphamia tubifer","ILLUMINA","2017-05-01T00:00:00Z","Ad13-02","not determined","SRP105806","Ad13-02","light organ","2017-05-01T17:35:00Z",1,"Ad",26.742,128.3211,"Ada"
"SRR5489791","not collected","OTHER",90,183365370,"PRJNA385011","SAMN06857385","Model organism or animal",150513652,"UNIVERSITY OF MICHIGAN","Alison Gould",2013,"public","fastq,run.zq,sra","gs,ncbi,s3","gs.us-east1,ncbi.public,s3.us-east-1","not applicable","SRX2772632","Illumina HiSeq 2000","Library5_Ad13-01","SINGLE","PCR","GENOMIC","Siphamia tubifer","ILLUMINA","2017-05-01T00:00:00Z","Ad13-01","not determined","SRP105806","Ad13-01","light organ","2017-05-01T17:35:00Z",1,"Ad",26.742,128.3211,"Ada"
